-- phpMyAdmin SQL Dump
-- version 4.4.14
-- http://www.phpmyadmin.net
--
-- Host: 127.0.0.1
-- Generation Time: May 29, 2016 at 11:13 PM
-- Server version: 5.6.26
-- PHP Version: 5.6.12

SET SQL_MODE = "NO_AUTO_VALUE_ON_ZERO";
SET time_zone = "+00:00";


/*!40101 SET @OLD_CHARACTER_SET_CLIENT=@@CHARACTER_SET_CLIENT */;
/*!40101 SET @OLD_CHARACTER_SET_RESULTS=@@CHARACTER_SET_RESULTS */;
/*!40101 SET @OLD_COLLATION_CONNECTION=@@COLLATION_CONNECTION */;
/*!40101 SET NAMES utf8mb4 */;

--
-- Database: `baby_health_care`
--

-- --------------------------------------------------------

--
-- Table structure for table `child`
--

CREATE TABLE IF NOT EXISTS `child` (
  `id` int(11) unsigned NOT NULL,
  `first_name` varchar(50) CHARACTER SET utf8 NOT NULL,
  `last_name` varchar(50) CHARACTER SET utf8 DEFAULT NULL,
  `birth_date` date DEFAULT NULL,
  `gender` enum('male','female') NOT NULL DEFAULT 'male',
  `pic` text CHARACTER SET utf8 COLLATE utf8_unicode_ci
) ENGINE=InnoDB AUTO_INCREMENT=27 DEFAULT CHARSET=latin1;

--
-- Dumping data for table `child`
--

INSERT INTO `child` (`id`, `first_name`, `last_name`, `birth_date`, `gender`, `pic`) VALUES
(4, 'nour', 'adeeb', '2016-05-17', 'male', 'kid.jpg'),
(5, 'sara', 'almali', '2016-05-16', 'female', 'kid.jpg'),
(6, 'fadi', 'some', '2016-05-03', 'male', 'kid.jpg'),
(7, 'sara', 'nouri', '2016-05-02', 'female', 'kid.jpg'),
(8, 'Name', 'nouri', '0000-00-00', '', NULL),
(9, 'memee', 'nouri', '0000-00-00', 'female', NULL),
(10, 'ahmad', 'nouri', '0000-00-00', 'male', NULL),
(12, 'roro', '', '2016-02-07', 'male', 'Kbu5DO9MUxwSUgZd.jpg'),
(13, 'jojo', NULL, '2016-05-10', 'male', NULL),
(17, 'fofo', NULL, '0000-00-00', 'male', NULL),
(18, 'fofoggm', NULL, '0000-00-00', 'male', NULL),
(19, 'fofoggmfh', NULL, '0000-00-00', 'male', NULL),
(20, 'fofoggmfhfjvhz', NULL, '0000-00-00', 'male', NULL),
(21, 'fofoggmfhfjvhz', NULL, '2016-05-24', 'male', NULL),
(22, 'dgjkd', NULL, '2016-05-21', 'male', NULL),
(23, 'baby2', 'last', '2016-05-24', 'female', 'MU9whmBjO0rrq0WI.jpg'),
(24, 'ffff', 'jfsa', '2016-05-24', 'male', ''),
(26, 'gggggg', 'fhjkgds', '2015-12-26', 'male', '');

-- --------------------------------------------------------

--
-- Table structure for table `child_doctors`
--

CREATE TABLE IF NOT EXISTS `child_doctors` (
  `id` int(11) NOT NULL,
  `id_doctor` int(11) unsigned NOT NULL,
  `id_child` int(11) unsigned NOT NULL,
  `approved` tinyint(1) unsigned NOT NULL,
  `approved_date` date NOT NULL
) ENGINE=InnoDB AUTO_INCREMENT=5 DEFAULT CHARSET=latin1;

--
-- Dumping data for table `child_doctors`
--

INSERT INTO `child_doctors` (`id`, `id_doctor`, `id_child`, `approved`, `approved_date`) VALUES
(1, 2, 12, 0, '0000-00-00'),
(2, 43, 6, 1, '2016-05-29'),
(3, 43, 7, 1, '2016-05-29'),
(4, 43, 4, 1, '2016-05-04');

-- --------------------------------------------------------

--
-- Table structure for table `child_parents`
--

CREATE TABLE IF NOT EXISTS `child_parents` (
  `id` int(11) NOT NULL,
  `id_parent` int(11) unsigned NOT NULL,
  `id_child` int(11) unsigned NOT NULL
) ENGINE=InnoDB AUTO_INCREMENT=19 DEFAULT CHARSET=latin1;

--
-- Dumping data for table `child_parents`
--

INSERT INTO `child_parents` (`id`, `id_parent`, `id_child`) VALUES
(1, 19, 6),
(2, 19, 7),
(3, 19, 8),
(4, 19, 9),
(5, 19, 10),
(7, 33, 12),
(9, 33, 17),
(10, 33, 18),
(11, 33, 19),
(12, 33, 20),
(13, 33, 21),
(14, 33, 22),
(15, 33, 23),
(16, 33, 24),
(18, 26, 26);

-- --------------------------------------------------------

--
-- Table structure for table `child_quantities`
--

CREATE TABLE IF NOT EXISTS `child_quantities` (
  `id` int(11) unsigned NOT NULL,
  `id_child` int(11) unsigned NOT NULL,
  `id_quantities` int(11) unsigned NOT NULL,
  `measurement` double unsigned NOT NULL,
  `age_weeks` int(5) unsigned NOT NULL,
  `date` date NOT NULL
) ENGINE=InnoDB AUTO_INCREMENT=10 DEFAULT CHARSET=latin1;

--
-- Dumping data for table `child_quantities`
--

INSERT INTO `child_quantities` (`id`, `id_child`, `id_quantities`, `measurement`, `age_weeks`, `date`) VALUES
(1, 6, 1, 3, 1, '0000-00-00'),
(2, 6, 1, 3.5, 4, '0000-00-00'),
(3, 6, 1, 5, 5, '0000-00-00'),
(4, 6, 1, 4.5, 8, '0000-00-00'),
(5, 6, 1, 5, 15, '0000-00-00'),
(6, 6, 1, 4, 20, '0000-00-00'),
(7, 6, 1, 3, 40, '0000-00-00'),
(8, 6, 1, 6, 60, '0000-00-00'),
(9, 6, 1, 10, 80, '0000-00-00');

-- --------------------------------------------------------

--
-- Table structure for table `child_skills`
--

CREATE TABLE IF NOT EXISTS `child_skills` (
  `id` int(11) unsigned NOT NULL,
  `id_skills` int(11) unsigned NOT NULL,
  `age_months` int(10) unsigned NOT NULL,
  `date` date NOT NULL,
  `id_child` int(11) unsigned NOT NULL,
  `rate` enum('Ok','Good','Very good','Excellent','Great') NOT NULL DEFAULT 'Ok'
) ENGINE=InnoDB AUTO_INCREMENT=23 DEFAULT CHARSET=utf32;

--
-- Dumping data for table `child_skills`
--

INSERT INTO `child_skills` (`id`, `id_skills`, `age_months`, `date`, `id_child`, `rate`) VALUES
(18, 42, 3, '2016-05-26', 12, 'Great'),
(19, 1, 5, '2016-05-09', 6, 'Ok'),
(20, 2, 3, '2016-05-10', 6, 'Excellent'),
(21, 40, 10, '2016-05-11', 6, 'Ok'),
(22, 80, 15, '2016-05-06', 6, 'Ok');

-- --------------------------------------------------------

--
-- Table structure for table `child_vaccination`
--

CREATE TABLE IF NOT EXISTS `child_vaccination` (
  `id` int(11) unsigned NOT NULL,
  `id_child` int(11) unsigned NOT NULL,
  `id_doctor` int(11) unsigned NOT NULL,
  `id_vaccination` int(11) unsigned NOT NULL,
  `date` date NOT NULL,
  `state` enum('taken','not taken','pending','') CHARACTER SET utf32 NOT NULL DEFAULT 'pending'
) ENGINE=InnoDB AUTO_INCREMENT=3 DEFAULT CHARSET=latin1;

--
-- Dumping data for table `child_vaccination`
--

INSERT INTO `child_vaccination` (`id`, `id_child`, `id_doctor`, `id_vaccination`, `date`, `state`) VALUES
(1, 12, 2, 1, '2016-05-11', 'taken'),
(2, 12, 2, 2, '2016-05-12', 'taken');

-- --------------------------------------------------------

--
-- Table structure for table `food_sample`
--

CREATE TABLE IF NOT EXISTS `food_sample` (
  `id` int(11) unsigned NOT NULL,
  `id_food` int(11) unsigned NOT NULL,
  `date` date NOT NULL,
  `note` text,
  `note_date` date DEFAULT NULL
) ENGINE=InnoDB DEFAULT CHARSET=utf32;

-- --------------------------------------------------------

--
-- Table structure for table `food_type`
--

CREATE TABLE IF NOT EXISTS `food_type` (
  `id` int(11) unsigned NOT NULL,
  `id_child` int(11) unsigned NOT NULL,
  `name` varchar(50) NOT NULL,
  `status` enum('good','blocked','pending','') NOT NULL DEFAULT 'pending',
  `rating` enum('yum','yuck','normal','') NOT NULL DEFAULT 'normal'
) ENGINE=InnoDB AUTO_INCREMENT=6 DEFAULT CHARSET=utf32;

--
-- Dumping data for table `food_type`
--

INSERT INTO `food_type` (`id`, `id_child`, `name`, `status`, `rating`) VALUES
(1, 6, 'apple', 'pending', 'normal'),
(2, 6, 'cola', 'blocked', 'yum'),
(3, 6, 'pizza', 'good', 'yum'),
(4, 6, 'tea', 'pending', 'normal'),
(5, 6, 'rice', 'blocked', 'yuck');

-- --------------------------------------------------------

--
-- Table structure for table `gcm_registeredid`
--

CREATE TABLE IF NOT EXISTS `gcm_registeredid` (
  `id` int(11) unsigned NOT NULL,
  `id_user` int(11) unsigned NOT NULL,
  `token` varchar(500) NOT NULL
) ENGINE=InnoDB AUTO_INCREMENT=19 DEFAULT CHARSET=utf32;

--
-- Dumping data for table `gcm_registeredid`
--

INSERT INTO `gcm_registeredid` (`id`, `id_user`, `token`) VALUES
(1, 33, 'cozgWcM8eVA:APA91bF-baUGntOobdhcoUvjFhu_85UsncXJCL1V91qW3cvziDXK9PapAFtvzv3l4KDNUzFwscMb5uy5tW6MC59hRK3nXs6wegWGpIjUUX8vZlGp-3p893iPEaCsG6TsWW8-fKc1N_F-'),
(2, 33, 'fL6lYgRcWMk:APA91bEmvf6wulkSYAX7yccwoeWGrmtXRNFpJIOD51ZvIcjlS_qHDCUSoXeUGFaft6ot5YTAgvEsuflVSo9lLsuJAxdcju-MBWplb-dSe6iTX3lBqpNrKEgGf9VmzsWGH99s7U15t8FB'),
(3, 33, 'fyeSFXF3hIk:APA91bERRpdduT8q47h-R3ctAJcsa-G6cdeNTH_p193TrmOCx389Lw9nuN0PDPdIAt3ZieoaNOP38NecQ8TACbltXIUYWaV96LS29hnZVDCCB5oiuTK4UAEID7ST20vgwkeuXWnPPxht'),
(4, 33, 'cozgWcM8eVA:APA91bF-baUGntOobdhcoUvjFhu_85UsncXJCL1V91qW3cvziDXK9PapAFtvzv3l4KDNUzFwscMb5uy5tW6MC59hRK3nXs6wegWGpIjUUX8vZlGp-3p893iPEaCsG6TsWW8-fKc1N_F-'),
(5, 41, 'fON6JCUOPwE:APA91bGOPA51OBx1mwOATRwRN27HLBAf452SXCSl_h1XQTbaIpnchyHvjTHtGt9-ZYLBJpO00pFDXaeV_7oo05pOhL7sZiB_SwKXy2bsmXqTowesUQ5peAbFGSukoe_lL544BtSbCxWe'),
(6, 41, 'fON6JCUOPwE:APA91bGOPA51OBx1mwOATRwRN27HLBAf452SXCSl_h1XQTbaIpnchyHvjTHtGt9-ZYLBJpO00pFDXaeV_7oo05pOhL7sZiB_SwKXy2bsmXqTowesUQ5peAbFGSukoe_lL544BtSbCxWe'),
(7, 41, 'fON6JCUOPwE:APA91bGOPA51OBx1mwOATRwRN27HLBAf452SXCSl_h1XQTbaIpnchyHvjTHtGt9-ZYLBJpO00pFDXaeV_7oo05pOhL7sZiB_SwKXy2bsmXqTowesUQ5peAbFGSukoe_lL544BtSbCxWe'),
(8, 41, 'fON6JCUOPwE:APA91bGOPA51OBx1mwOATRwRN27HLBAf452SXCSl_h1XQTbaIpnchyHvjTHtGt9-ZYLBJpO00pFDXaeV_7oo05pOhL7sZiB_SwKXy2bsmXqTowesUQ5peAbFGSukoe_lL544BtSbCxWe'),
(9, 41, 'fON6JCUOPwE:APA91bGOPA51OBx1mwOATRwRN27HLBAf452SXCSl_h1XQTbaIpnchyHvjTHtGt9-ZYLBJpO00pFDXaeV_7oo05pOhL7sZiB_SwKXy2bsmXqTowesUQ5peAbFGSukoe_lL544BtSbCxWe'),
(10, 41, 'fON6JCUOPwE:APA91bGOPA51OBx1mwOATRwRN27HLBAf452SXCSl_h1XQTbaIpnchyHvjTHtGt9-ZYLBJpO00pFDXaeV_7oo05pOhL7sZiB_SwKXy2bsmXqTowesUQ5peAbFGSukoe_lL544BtSbCxWe'),
(11, 41, 'fON6JCUOPwE:APA91bGOPA51OBx1mwOATRwRN27HLBAf452SXCSl_h1XQTbaIpnchyHvjTHtGt9-ZYLBJpO00pFDXaeV_7oo05pOhL7sZiB_SwKXy2bsmXqTowesUQ5peAbFGSukoe_lL544BtSbCxWe'),
(12, 41, 'fON6JCUOPwE:APA91bGOPA51OBx1mwOATRwRN27HLBAf452SXCSl_h1XQTbaIpnchyHvjTHtGt9-ZYLBJpO00pFDXaeV_7oo05pOhL7sZiB_SwKXy2bsmXqTowesUQ5peAbFGSukoe_lL544BtSbCxWe'),
(13, 41, 'fON6JCUOPwE:APA91bGOPA51OBx1mwOATRwRN27HLBAf452SXCSl_h1XQTbaIpnchyHvjTHtGt9-ZYLBJpO00pFDXaeV_7oo05pOhL7sZiB_SwKXy2bsmXqTowesUQ5peAbFGSukoe_lL544BtSbCxWe'),
(14, 41, 'fON6JCUOPwE:APA91bGOPA51OBx1mwOATRwRN27HLBAf452SXCSl_h1XQTbaIpnchyHvjTHtGt9-ZYLBJpO00pFDXaeV_7oo05pOhL7sZiB_SwKXy2bsmXqTowesUQ5peAbFGSukoe_lL544BtSbCxWe'),
(15, 41, 'fON6JCUOPwE:APA91bGOPA51OBx1mwOATRwRN27HLBAf452SXCSl_h1XQTbaIpnchyHvjTHtGt9-ZYLBJpO00pFDXaeV_7oo05pOhL7sZiB_SwKXy2bsmXqTowesUQ5peAbFGSukoe_lL544BtSbCxWe'),
(16, 41, 'fON6JCUOPwE:APA91bGOPA51OBx1mwOATRwRN27HLBAf452SXCSl_h1XQTbaIpnchyHvjTHtGt9-ZYLBJpO00pFDXaeV_7oo05pOhL7sZiB_SwKXy2bsmXqTowesUQ5peAbFGSukoe_lL544BtSbCxWe'),
(17, 41, 'fON6JCUOPwE:APA91bGOPA51OBx1mwOATRwRN27HLBAf452SXCSl_h1XQTbaIpnchyHvjTHtGt9-ZYLBJpO00pFDXaeV_7oo05pOhL7sZiB_SwKXy2bsmXqTowesUQ5peAbFGSukoe_lL544BtSbCxWe'),
(18, 41, 'fON6JCUOPwE:APA91bGOPA51OBx1mwOATRwRN27HLBAf452SXCSl_h1XQTbaIpnchyHvjTHtGt9-ZYLBJpO00pFDXaeV_7oo05pOhL7sZiB_SwKXy2bsmXqTowesUQ5peAbFGSukoe_lL544BtSbCxWe');

-- --------------------------------------------------------

--
-- Table structure for table `groups`
--

CREATE TABLE IF NOT EXISTS `groups` (
  `id` mediumint(8) unsigned NOT NULL,
  `name` varchar(20) NOT NULL,
  `description` varchar(100) NOT NULL
) ENGINE=InnoDB AUTO_INCREMENT=4 DEFAULT CHARSET=utf8;

--
-- Dumping data for table `groups`
--

INSERT INTO `groups` (`id`, `name`, `description`) VALUES
(1, 'admin', 'Administrator'),
(2, 'members', 'General User'),
(3, 'new_group', 'no');

-- --------------------------------------------------------

--
-- Table structure for table `growth_chart_data`
--

CREATE TABLE IF NOT EXISTS `growth_chart_data` (
  `id` int(11) unsigned NOT NULL,
  `sex` int(1) unsigned NOT NULL DEFAULT '1',
  `age_weeks` int(5) unsigned NOT NULL,
  `p3` double NOT NULL,
  `p5` double NOT NULL,
  `p10` double NOT NULL,
  `p25` double NOT NULL,
  `p50` double NOT NULL,
  `p75` double NOT NULL,
  `p90` double NOT NULL,
  `p95` double NOT NULL,
  `p97` double NOT NULL,
  `id_quantity` int(11) unsigned NOT NULL
) ENGINE=InnoDB AUTO_INCREMENT=227 DEFAULT CHARSET=utf32;

--
-- Dumping data for table `growth_chart_data`
--

INSERT INTO `growth_chart_data` (`id`, `sex`, `age_weeks`, `p3`, `p5`, `p10`, `p25`, `p50`, `p75`, `p90`, `p95`, `p97`, `id_quantity`) VALUES
(1, 1, 0, 2.355450986, 2.52690402, 2.773801848, 3.150611082, 3.530203168, 3.879076559, 4.17249339, 4.34029274, 4.446488308, 1),
(2, 1, 2, 2.799548641, 2.964655655, 3.209510017, 3.597395573, 4.003106424, 4.387422565, 4.718161283, 4.910130108, 5.032624982, 1),
(3, 1, 6, 3.614688072, 3.774848862, 4.020561446, 4.428872952, 4.879525083, 5.327327567, 5.728152752, 5.967101615, 6.121929103, 1),
(4, 1, 10, 4.34234145, 4.503255345, 4.754479354, 5.183377547, 5.672888765, 6.175598158, 6.638979132, 6.921119162, 7.106250132, 1),
(5, 1, 14, 4.992897896, 5.157411653, 5.416802856, 5.866806254, 6.391391982, 6.942217106, 7.460702368, 7.781401145, 7.993878049, 1),
(6, 1, 18, 5.575169066, 5.744751566, 6.01371624, 6.484969167, 7.041836432, 7.635323002, 8.202193202, 8.556813353, 8.793443663, 1),
(7, 1, 22, 6.096775274, 6.272175299, 6.551379244, 7.043626918, 7.630425182, 8.262032991, 8.871384112, 9.255614546, 9.51330656, 1),
(8, 1, 26, 6.564430346, 6.745992665, 7.035656404, 7.548345716, 8.162951035, 8.828786159, 9.47546616, 9.885435743, 10.16135019, 1),
(9, 1, 30, 6.984123338, 7.171952393, 7.472021438, 8.004398775, 8.644832479, 9.34149038, 10.02101374, 10.45331433, 10.74492376, 1),
(10, 1, 34, 7.361236116, 7.555286752, 7.865532922, 8.416718775, 9.081119817, 9.805593364, 10.51406421, 10.96573632, 11.27083843, 1),
(11, 1, 38, 7.700624405, 7.90075516, 8.220839211, 8.789881892, 9.476500305, 10.22612395, 10.96017225, 11.42867623, 11.74538465, 1),
(12, 1, 42, 8.006677447, 8.212683538, 8.542195484, 9.128109523, 9.835307701, 10.60772151, 11.36445045, 11.84763282, 12.17435729, 1),
(13, 1, 46, 8.283364855, 8.494999555, 8.833485623, 9.43527941, 10.16153567, 10.9546603, 11.73160184, 12.2276612, 12.56308347, 1),
(14, 1, 50, 8.534275028, 8.751264252, 9.098245709, 9.714941801, 10.45885399, 11.27087147, 12.06594792, 12.57340193, 12.91645043, 1),
(15, 1, 54, 8.762648582, 8.984701111, 9.339687673, 9.970337596, 10.7306256, 11.55996332, 12.37145331, 12.88910809, 13.23893338, 1),
(16, 1, 58, 8.971407287, 9.198222429, 9.560722369, 10.20441778, 10.97992482, 11.82524099, 12.65174864, 13.17867019, 13.53462171, 1),
(17, 1, 62, 9.163180317, 9.394453831, 9.763981751, 10.41986276, 11.20955529, 12.06972515, 12.91015164, 13.44563963, 13.80724431, 1),
(18, 1, 66, 9.340328068, 9.575756968, 9.951839998, 10.61910138, 11.4220677, 12.29616991, 13.14968707, 13.6932508, 14.0601935, 1),
(19, 1, 70, 9.504964014, 9.744250626, 10.12643352, 10.80432929, 11.61977698, 12.50708008, 13.37310558, 13.92444193, 14.29654774, 1),
(20, 1, 74, 9.658974787, 9.901830339, 10.28967982, 10.97752662, 11.80477902, 12.70472779, 13.58290165, 14.14187481, 14.51909298, 1),
(21, 1, 78, 9.804039109, 10.05018686, 10.44329524, 11.14047457, 11.9789663, 12.89116805, 13.78133058, 14.34795358, 14.73034312, 1),
(22, 1, 82, 9.941644878, 10.19082308, 10.58881155, 11.2947714, 12.14404334, 13.06825426, 13.9704249, 14.54484233, 14.93255878, 1),
(23, 1, 86, 10.07310549, 10.32507004, 10.72759156, 11.44184727, 12.30154103, 13.23765258, 14.15200982, 14.73448194, 15.12776542, 1),
(24, 1, 90, 10.19957488, 10.45410181, 10.86084353, 11.58297823, 12.45283028, 13.40085582, 14.3277181, 14.91860604, 15.31777023, 1),
(25, 1, 94, 10.32206165, 10.57894925, 10.98963476, 11.7192993, 12.59913494, 13.55919667, 14.49900418, 15.09875606, 15.50417803, 1),
(26, 1, 98, 10.4414422, 10.70051298, 11.11490406, 11.85181666, 12.74154396, 13.71386029, 14.6671577, 15.27629562, 15.68840631, 1),
(27, 1, 102, 10.55847309, 10.81957536, 11.23747341, 11.98141892, 12.88102276, 13.86589625, 14.83331632, 15.45242405, 15.87169941, 1),
(28, 1, 106, 10.67380261, 10.93681171, 11.35805876, 12.10888759, 13.01842382, 14.0162298, 14.99847794, 15.62818936, 16.05514188, 1),
(29, 1, 110, 10.78798156, 11.05280067, 11.47727994, 12.23490671, 13.1544966, 14.1656725, 15.16351231, 15.80450043, 16.23967114, 1),
(30, 1, 112, 10.90147346, 11.168034, 11.59566994, 12.36007175, 13.28989667, 14.31493214, 15.32917196, 15.98213866, 16.42608957, 1),
(31, 1, 116, 11.01466395, 11.28292555, 11.7136834, 12.48489772, 13.42519408, 14.46462206, 15.49610261, 16.16176896, 16.61507584, 1),
(32, 1, 120, 11.12786972, 11.3978197, 11.8317045, 12.60982671, 13.56088113, 14.61526973, 15.66485286, 16.34395024, 16.80719582, 1),
(33, 1, 124, 11.24134752, 11.51299966, 11.95005435, 12.73523417, 13.69737858, 14.76732387, 15.83588308, 16.52914562, 17.00291386, 1),
(34, 1, 128, 11.3552982, 11.62869248, 12.06899744, 12.86143776, 13.83504622, 14.9211657, 16.00957526, 16.71773017, 17.2025984, 1),
(35, 1, 132, 11.46987977, 11.74507947, 12.18874835, 12.98869905, 13.97418199, 15.07710916, 16.18623873, 16.91000241, 17.40653835, 1),
(36, 1, 136, 11.58520959, 11.86229971, 12.30947723, 13.11723187, 14.1150324, 15.23541179, 16.36611917, 17.10619066, 17.61494698, 1),
(37, 1, 140, 11.70137143, 11.98045644, 12.43131521, 13.24720657, 14.25779618, 15.3962791, 16.54940494, 17.30646132, 17.8279717, 1),
(38, 1, 144, 11.75978387, 12.03991048, 12.49268178, 13.31277633, 14.32994444, 15.47772447, 16.6423691, 17.40816491, 17.93624653, 1),
(39, 2, 0, 2.414111983, 2.54790518, 2.747222257, 3.06486465, 3.39918645, 3.717519384, 3.992572231, 4.152636594, 4.254922004, 1),
(40, 2, 2, 2.756916984, 2.894442278, 3.101767067, 3.437628263, 3.79752846, 4.145593668, 4.450125603, 4.628836382, 4.743581789, 1),
(41, 2, 6, 3.402293298, 3.547610305, 3.770157472, 4.13899376, 4.544776513, 4.946765504, 5.305632496, 5.51916925, 5.657379108, 1),
(42, 2, 10, 3.997805608, 4.150638506, 4.387041982, 4.784820426, 5.230584214, 5.680083196, 6.08764077, 6.332837055, 6.492574414, 1),
(43, 2, 14, 4.54738333, 4.70712251, 4.95592631, 5.379141034, 5.859960798, 6.351511983, 6.802769825, 7.076722522, 7.256165568, 1),
(44, 2, 18, 5.054538727, 5.220487543, 5.480295205, 5.92588831, 6.437587751, 6.966523789, 7.45711879, 7.757233948, 7.954730061, 1),
(45, 2, 22, 5.522500226, 5.693974176, 5.963510428, 6.428828208, 6.967850457, 7.53018045, 8.056331004, 8.380329759, 8.59441348, 1),
(46, 2, 26, 5.954272494, 6.130641295, 6.408775097, 6.891533095, 7.454854109, 8.047178246, 8.605635546, 8.951543685, 9.180938407, 1),
(47, 2, 30, 6.352668277, 6.533372908, 6.819122283, 7.317373091, 7.902436186, 8.52187726, 9.109878097, 9.476008728, 9.719620693, 1),
(48, 2, 34, 6.720327734, 6.904885578, 7.197413532, 7.709516114, 8.314178377, 8.958324062, 9.573546299, 9.958479736, 10.2153883, 1),
(49, 2, 38, 7.059731719, 7.247735767, 7.546341788, 8.070932165, 8.693418423, 9.360270982, 10.00079194, 10.40335475, 10.67280092, 1),
(50, 2, 42, 7.373211901, 7.564326904, 7.868436369, 8.404399764, 9.043261854, 9.7311934, 10.3954511, 10.81469528, 11.0960696, 1),
(51, 2, 46, 7.662959063, 7.856916169, 8.166068895, 8.712513432, 9.366593571, 10.07430572, 10.76106284, 11.19624565, 11.48907597, 1),
(52, 2, 50, 7.93103031, 8.127621012, 8.441459662, 8.997691667, 9.666089185, 10.39257636, 11.10088678, 11.5514514, 11.85539095, 1),
(53, 2, 54, 8.179355552, 8.378425424, 8.696684147, 9.262185089, 9.944226063, 10.68874201, 11.4179197, 11.88347697, 12.19829279, 1),
(54, 2, 58, 8.409743555, 8.611186014, 8.933679535, 9.508084539, 10.20329397, 10.96532105, 11.7149113, 12.19522253, 12.52078451, 1),
(55, 2, 62, 8.62388725, 8.827637666, 9.154251142, 9.737329319, 10.4454058, 11.2246268, 11.99437938, 12.48934, 12.82561033, 1),
(56, 2, 66, 8.82336957, 9.029399482, 9.360078736, 9.951714686, 10.67250698, 11.46877937, 12.258624, 12.76824867, 13.11527219, 1),
(57, 2, 70, 9.00966812, 9.217979979, 9.55272268, 10.15289979, 10.88638558, 11.69971783, 12.50974133, 13.03414978, 13.39204468, 1),
(58, 2, 74, 9.184160166, 9.394782429, 9.733629905, 10.34241498, 11.08868151, 11.91921144, 12.74963667, 13.28904061, 13.65798985, 1),
(59, 2, 78, 9.348127323, 9.561109949, 9.904139709, 10.52166904, 11.28089537, 12.1288704, 12.98003694, 13.53472797, 13.91497124, 1),
(60, 2, 82, 9.502760074, 9.718170424, 10.06548937, 10.69195601, 11.46439708, 12.3301562, 13.20250263, 13.77284102, 14.1646673, 1),
(61, 2, 86, 9.649162144, 9.867081272, 10.21881956, 10.85446195, 11.64043402, 12.52439148, 13.41843913, 14.00484351, 14.40858419, 1),
(62, 2, 90, 9.788354721, 10.00887405, 10.3651796, 11.01027128, 11.81013895, 12.71276942, 13.62910755, 14.23204547, 14.64806798, 1),
(63, 2, 94, 9.921280547, 10.14449891, 10.50553251, 11.16037297, 11.97453748, 12.89636272, 13.8356351, 14.45561433, 14.88431632, 1),
(64, 2, 98, 10.04880788, 10.27482891, 10.64075987, 11.30566645, 12.13455528, 13.07613212, 14.03902484, 14.67658549, 15.11838945, 1),
(65, 2, 102, 10.17173431, 10.40066414, 10.77166654, 11.44696728, 12.2910249, 13.25293459, 14.24016506, 14.89587242, 15.35122083, 1),
(66, 2, 106, 10.29079052, 10.52273581, 10.89898515, 11.58501256, 12.44469237, 13.42753102, 14.43983817, 15.11427618, 15.5836271, 1),
(67, 2, 110, 10.40664383, 10.64171007, 11.02338047, 11.72046615, 12.59622335, 13.60059358, 14.63872906, 15.33249457, 15.8163176, 1),
(68, 2, 112, 10.51990171, 10.7581918, 11.14545358, 11.8539236, 12.74620911, 13.77271274, 14.83743314, 15.55113065, 16.0499034, 1),
(69, 2, 116, 10.63111516, 10.8727282, 11.26574591, 11.98591692, 12.89517218, 13.94440383, 15.03646393, 15.770701, 16.28490586, 1),
(70, 2, 120, 10.74078194, 10.98581228, 11.38474303, 12.11691911, 13.04357164, 14.11611337, 15.23626013, 15.99164336, 16.52176469, 1),
(71, 2, 124, 10.84934975, 11.09788625, 11.50287842, 12.24734843, 13.19180827, 14.28822496, 15.43719248, 16.21432393, 16.7608456, 1),
(72, 2, 128, 10.95721927, 11.2093447, 11.62053697, 12.37757256, 13.34022934, 14.46106492, 15.63957012, 16.43904429, 17.00244749, 1),
(73, 2, 132, 11.06474677, 11.32053756, 11.73805834, 12.50791269, 13.48913357, 14.634908, 15.84364677, 16.66604772, 17.24680884, 1),
(74, 2, 136, 11.17224778, 11.43177357, 11.85574032, 12.63864672, 13.63877446, 14.80998135, 16.04962601, 16.89552564, 17.49411514, 1),
(75, 2, 140, 11.27999893, 11.54332263, 11.9738418, 12.77001339, 13.78936547, 14.98647034, 16.25766706, 17.12762297, 17.74450372, 1),
(76, 2, 144, 11.33404488, 11.59928903, 12.03312087, 12.83599859, 13.86507382, 15.07529315, 16.36249956, 17.24468787, 17.87088515, 1),
(77, 1, 0, 44.9250978, 45.5684091, 46.55429302, 48.18937381, 49.98888408, 51.77125749, 53.36153475, 54.30721197, 54.91900445, 2),
(78, 1, 2, 47.97812373, 48.55809206, 49.45780383, 50.97918889, 52.6959753, 54.44054313, 56.03444099, 56.99907737, 57.62984323, 2),
(79, 1, 6, 52.19859469, 52.72610659, 53.55364657, 54.97910441, 56.62842855, 58.35059408, 59.96640329, 60.96465379, 61.62591488, 2),
(80, 1, 10, 55.2632178, 55.7734505, 56.57772145, 57.97439882, 59.60895343, 61.33788093, 62.981581, 64.00788549, 64.69240909, 2),
(81, 1, 14, 57.73049293, 58.23744339, 59.03830227, 60.43433439, 62.07700027, 63.82542604, 65.49858004, 66.5488903, 67.25189597, 2),
(82, 1, 18, 59.82568616, 60.33646905, 61.14409605, 62.55408849, 64.2168641, 65.99130663, 67.69404787, 68.76537757, 69.48353966, 2),
(83, 1, 22, 61.66383709, 62.18260807, 63.00295962, 64.43546338, 66.1253149, 67.92934759, 69.6612233, 70.75128299, 71.48218225, 2),
(84, 1, 26, 63.31224239, 63.84166131, 64.6785365, 66.13895735, 67.8601799, 69.6957947, 71.45609163, 72.56306798, 73.30488349, 2),
(85, 1, 30, 64.8139542, 65.35583849, 66.21181225, 67.70375, 69.45908458, 71.32735362, 73.11524683, 74.23766746, 74.98899282, 2),
(86, 1, 34, 66.1983257, 66.75397985, 67.63087749, 69.15681718, 70.94803912, 72.84947001, 74.66409757, 75.80074408, 76.56047112, 2),
(87, 1, 38, 67.48634824, 68.05674555, 68.95590629, 70.51760636, 72.34586111, 74.2806019, 76.1211038, 77.2709525, 78.03819367, 2),
(88, 1, 42, 68.69360304, 69.27949219, 70.20192461, 71.80064815, 73.6666541, 75.63461845, 77.50015825, 78.66233936, 79.43637498, 2),
(89, 1, 46, 69.83200143, 70.43397431, 71.38045547, 73.01711846, 74.92129717, 76.92224328, 78.81201697, 79.98578218, 80.76602067, 2),
(90, 1, 50, 70.91087824, 71.52941204, 72.50054958, 74.17581483, 76.11837536, 78.15195849, 80.06520155, 81.24990316, 82.03585474, 2),
(91, 1, 54, 71.93769721, 72.57318381, 73.56945922, 75.28380189, 77.26479911, 79.33060669, 81.26659566, 82.46166865, 83.25292428, 2),
(92, 1, 58, 72.91853025, 73.57129631, 74.59309471, 76.34684777, 78.36622309, 80.46379892, 82.42185154, 83.62680003, 84.4230157, 2),
(93, 1, 62, 73.8583906, 74.5287119, 75.57634333, 77.36973004, 79.4273405, 81.55620169, 83.53567593, 84.75006241, 85.55094704, 2),
(94, 1, 66, 74.76147075, 75.44958259, 76.52329754, 78.35645533, 80.45209492, 82.61174387, 84.61203638, 85.83547302, 86.64077902, 2),
(95, 1, 70, 75.63131645, 76.3374214, 77.43742235, 79.31042062, 81.44383603, 83.633769, 85.65431315, 86.88645473, 87.69597052, 2),
(96, 1, 74, 76.47095628, 77.19523002, 78.32168023, 80.23453383, 82.40543643, 84.62514968, 86.66541349, 87.90595157, 88.71949558, 2),
(97, 1, 78, 77.28300001, 78.02559584, 79.1786261, 81.13130578, 83.33938063, 85.58837479, 87.64785881, 88.89651687, 89.71393273, 2),
(98, 1, 82, 78.06971429, 78.83076661, 80.01048051, 82.00292107, 84.24783394, 86.5256172, 88.60385242, 89.86038176, 90.68153436, 2),
(99, 1, 86, 78.83308172, 79.61270882, 80.81918694, 82.85129371, 85.13269658, 87.43878685, 89.53533266, 90.79950901, 91.62428129, 2),
(100, 1, 90, 79.57484556, 80.37315285, 81.6064575, 83.67811296, 85.9956488, 88.32957471, 90.44401549, 91.71563468, 92.54392389, 2),
(101, 1, 94, 80.29655659, 81.11363482, 82.37380806, 84.48487091, 86.8381751, 89.19947894, 91.33142741, 92.6103075, 93.44202663, 2),
(102, 1, 98, 80.9995873, 81.83551818, 83.12258949, 85.27290404, 87.66160934, 90.04984549, 92.19893497, 93.48490873, 94.31998042, 2),
(103, 1, 102, 81.74463953, 82.58135344, 83.87244978, 86.03702902, 88.45247282, 90.87870056, 93.07143353, 94.38774522, 95.24419299, 2),
(104, 1, 106, 82.47365273, 83.31105283, 84.60576246, 86.78329346, 89.22326434, 91.68467603, 93.91817465, 95.26300076, 96.13961611, 2),
(105, 1, 110, 83.18812206, 84.02609006, 85.32398912, 87.513174, 89.97549228, 92.46928892, 94.74063663, 96.1121012, 97.0076279, 2),
(106, 1, 112, 83.88930684, 84.72769162, 86.02832996, 88.22787587, 90.71040853, 93.23384749, 95.54016226, 96.93639476, 97.84957201, 2),
(107, 1, 116, 84.57826389, 85.41688027, 86.71977994, 88.92840117, 91.42907762, 93.97950843, 96.31799565, 97.73717289, 98.66676679, 2),
(108, 1, 120, 85.25588692, 86.09451745, 87.39917477, 89.61559787, 92.13242379, 94.70731654, 97.0753111, 98.51569104, 99.46052027, 2),
(109, 1, 124, 85.9229396, 86.76133892, 88.06722988, 90.29020177, 92.82127167, 95.41823885, 97.8132366, 99.27318378, 100.2321391, 2),
(110, 1, 128, 86.58008511, 87.41798587, 88.72457345, 90.95287107, 93.49637946, 96.11319217, 98.53287254, 100.0108765, 100.9829352, 2),
(111, 1, 132, 87.22791274, 88.06503203, 89.37177427, 91.60421467, 94.15846546, 96.79306504, 99.23530653, 100.7299947, 101.7142301, 2),
(112, 1, 136, 87.86696172, 88.70300745, 90.00936536, 92.24481515, 94.80822923, 97.4587349, 99.92162482, 101.4317705, 102.4273592, 2),
(113, 1, 140, 88.49774096, 89.33241837, 90.63786404, 92.87524861, 95.44636981, 98.11108261, 100.5929212, 102.1174472, 103.1236716, 2),
(114, 2, 0, 45.09488261, 45.5756074, 46.33933651, 47.68345469, 49.28639612, 51.01869574, 52.70250115, 53.77290878, 54.49527364, 2),
(115, 2, 2, 47.46915792, 47.96323977, 48.74248168, 50.09685513, 51.68358057, 53.36362339, 54.96222276, 55.96094226, 56.62728063, 2),
(116, 2, 6, 50.95700562, 51.4799569, 52.29626871, 53.69078138, 55.28612813, 56.93136077, 58.45612369, 59.38910734, 60.00337771, 2),
(117, 2, 10, 53.62925292, 54.17907364, 55.03144306, 56.47125217, 58.09381906, 59.74044694, 61.24305751, 62.15165579, 62.74546997, 2),
(118, 2, 14, 55.85939936, 56.43334947, 57.31892438, 58.80346208, 60.45980763, 62.12329513, 63.6264785, 64.52875326, 65.115773, 2),
(119, 2, 18, 57.80470109, 58.40032437, 59.31632768, 60.84386229, 62.53669656, 64.22507127, 65.74095895, 66.64652556, 67.23397741, 2),
(120, 2, 22, 59.54799297, 60.16323075, 61.10725836, 62.67589709, 64.40632762, 66.12417852, 67.65995218, 68.57451607, 69.16667619, 2),
(121, 2, 26, 61.13893122, 61.77208015, 62.74210283, 64.35005344, 66.11841553, 67.86849937, 69.42868425, 70.35586907, 70.95545459, 2),
(122, 2, 30, 62.60993179, 63.25957954, 64.2538878, 65.89952096, 67.70574419, 69.4897495, 71.07731063, 72.01952455, 72.6283475, 2),
(123, 2, 34, 63.98348087, 64.64844828, 65.6655939, 67.34744593, 69.19123614, 71.01018905, 72.62711495, 73.58600806, 74.20531837, 2),
(124, 2, 38, 65.27590347, 65.95519757, 66.99394371, 68.71070188, 70.59163924, 72.44613669, 74.09377512, 75.07050088, 75.70118113, 2),
(125, 2, 42, 66.49947935, 67.19225646, 68.25153766, 70.00202169, 71.91961673, 73.80996848, 75.4892313, 76.48460495, 77.12728799, 2),
(126, 2, 46, 67.66371146, 68.36924855, 69.44813905, 71.23128342, 73.1850104, 75.11132946, 76.82282345, 77.83742285, 78.49256622, 2),
(127, 2, 50, 68.77612694, 69.49379917, 70.5914881, 72.40632639, 74.39564379, 76.35790617, 78.10201973, 79.13625191, 79.80418693, 2),
(128, 2, 54, 69.84280474, 70.57206791, 71.6878396, 73.5334912, 75.5578544, 77.55593964, 79.33290204, 80.3870486, 81.06801366, 2),
(129, 2, 58, 70.86873555, 71.60911222, 72.74233055, 74.61798935, 76.67685871, 78.71057805, 80.52050098, 81.59474986, 82.28891385, 2),
(130, 2, 62, 71.85807481, 72.60914323, 73.75923909, 75.66416403, 77.75700986, 79.82612621, 81.66903345, 82.76350174, 83.47098066, 2),
(131, 2, 66, 72.81432502, 73.57571021, 74.74217142, 76.67567844, 78.80198406, 80.90622641, 82.78207554, 83.89682611, 84.61769529, 2),
(132, 2, 70, 73.74047006, 74.51183666, 75.69419965, 77.65565499, 79.81491852, 81.95399237, 83.86269087, 84.99774469, 85.73204785, 2),
(133, 2, 74, 74.63907612, 75.42012252, 76.61796557, 78.60677999, 80.79851532, 82.9721104, 84.91352766, 86.06887316, 86.81662924, 2),
(134, 2, 78, 75.51236875, 76.30282224, 77.51575989, 79.53138379, 81.75512092, 83.96291696, 85.93689348, 87.11249363, 87.87370201, 2),
(135, 2, 82, 76.36229263, 77.16190547, 78.3895838, 80.43150301, 82.6867881, 84.92845908, 86.93481346, 88.13061128, 88.90525584, 2),
(136, 2, 86, 77.19055854, 77.9991046, 79.24119737, 81.30892951, 83.59532461, 85.87054197, 87.9090764, 89.12499925, 89.91305149, 2),
(137, 2, 90, 77.99868072, 78.81595272, 80.07215803, 82.16524937, 84.48233206, 86.79076712, 88.8612716, 90.09723454, 90.89865612, 2),
(138, 2, 94, 78.78800783, 79.61381456, 80.88385147, 83.00187362, 85.34923624, 87.69056226, 89.79281852, 91.04872752, 91.86347264, 2),
(139, 2, 98, 79.55974326, 80.39390918, 81.67751732, 83.82006698, 86.1973169, 88.57120953, 90.70499153, 91.98074369, 92.80875921, 2),
(140, 2, 102, 80.33998364, 81.18804253, 82.49318413, 84.67208812, 87.09026318, 89.50562438, 91.67717995, 92.97573731, 93.81864148, 2),
(141, 2, 106, 81.11331525, 81.97222927, 83.29458969, 85.50360235, 87.95714182, 90.40981965, 92.61658225, 93.93692673, 94.79426258, 2),
(142, 2, 110, 81.87334278, 82.74084468, 84.07717332, 86.31150621, 88.7960184, 91.28258036, 93.52226565, 94.86338935, 95.73464477, 2),
(143, 2, 112, 82.61506447, 83.48950736, 84.83741222, 87.09345895, 89.6055115, 92.12313138, 94.39371454, 95.75464088, 96.63927598, 2),
(144, 2, 116, 83.33473293, 84.2149589, 85.57272806, 87.847827, 90.38476689, 92.93112624, 95.2308179, 96.61061463, 97.50808067, 2),
(145, 2, 120, 84.02971817, 84.91494389, 86.28139027, 88.57361882, 91.13341722, 93.7066212, 96.03384732, 97.43163806, 98.34139389, 2),
(146, 2, 124, 84.69836716, 85.58808886, 86.96242078, 89.2704229, 91.8515436, 94.45004782, 96.8034301, 98.21840208, 99.13992666, 2),
(147, 2, 128, 85.3398692, 86.23378572, 87.61550158, 89.9383459, 92.5396352, 95.16218257, 97.54051914, 98.97192777, 99.90472932, 2),
(148, 2, 132, 85.95413399, 86.85208427, 88.24088648, 90.57794935, 93.19854429, 95.84411175, 98.24636075, 99.69353355, 100.6371574, 2),
(149, 2, 136, 86.5416688, 87.44358723, 88.83931978, 91.19019802, 93.82945392, 96.49720519, 98.92246313, 100.384796, 101.3388259, 2),
(150, 2, 140, 87.10348874, 88.00936554, 89.41195884, 91.77639347, 94.43382278, 97.12307204, 99.57056254, 101.0475227, 102.0115864, 2),
(151, 1, 0, 31.48762321, 32.14881105, 33.08389492, 34.46951803, 35.81366835, 37.00426196, 37.97379421, 38.51574, 38.85417217, 3),
(152, 1, 2, 33.25005839, 33.83391575, 34.67252717, 35.93986771, 37.19361054, 38.3212548, 39.24988502, 39.77261565, 40.10028445, 3),
(153, 1, 6, 35.78126227, 36.26427603, 36.97376845, 38.07877607, 39.20742929, 40.2498675, 41.12605049, 41.62581415, 41.94137873, 3),
(154, 1, 10, 37.55879748, 37.97958783, 38.60724429, 39.60636994, 40.65233195, 41.63967944, 42.48435504, 42.97189144, 43.28180775, 3),
(155, 1, 14, 38.89944028, 39.27893049, 39.85122805, 40.77712846, 41.76516959, 42.71454952, 43.5390162, 44.01984454, 44.3273323, 3),
(156, 1, 18, 39.956733, 40.30765556, 40.8411358, 41.71483367, 42.66116148, 43.58358267, 44.39471535, 44.87197284, 45.17876946, 3),
(157, 1, 22, 40.8164238, 41.14714268, 41.65290563, 42.48888872, 43.40488731, 44.30801, 45.11034335, 45.58592624, 45.89299742, 3),
(158, 1, 26, 41.53109397, 41.84741554, 42.33330145, 43.14204136, 44.03609923, 44.92554888, 45.72225458, 46.19735808, 46.50523827, 3),
(159, 1, 30, 42.13520784, 42.44134027, 42.91311128, 43.70245428, 44.58096912, 45.46103549, 46.25442887, 46.7298272, 47.03879825, 3),
(160, 1, 34, 42.65252672, 42.95162383, 43.41364704, 44.18963565, 45.05761215, 45.93165855, 46.72349076, 47.19970004, 47.50989695, 3),
(161, 1, 38, 43.1000854, 43.39457866, 43.85025055, 44.61764431, 45.4790756, 46.34979269, 47.14142337, 47.61879558, 47.93026746, 3),
(162, 1, 42, 43.49049033, 43.78229887, 44.23431798, 44.99693519, 45.85505706, 46.72463077, 47.5171388, 47.99592075, 48.30866909, 3),
(163, 1, 46, 43.83331672, 44.12398596, 44.57453557, 45.33548679, 46.19295427, 47.06318161, 47.85743833, 48.33780885, 48.65181107, 3),
(164, 1, 50, 44.1359978, 44.42679395, 44.87766812, 45.6395204, 46.49853438, 47.37090639, 48.1676259, 48.64971976, 48.96494367, 3),
(165, 1, 54, 44.40441201, 44.69638826, 45.14908116, 45.91397652, 46.77637684, 47.65213989, 48.4519147, 48.93583823, 49.25225076, 3),
(166, 1, 58, 44.6432831, 44.93732702, 45.39309769, 46.16284044, 47.03017599, 47.9103782, 48.71370522, 49.19954641, 49.51711865, 3),
(167, 1, 62, 44.85646007, 45.1533284, 45.61324855, 46.38937093, 47.2629533, 48.14848042, 48.95578033, 49.44361553, 49.76232529, 3),
(168, 1, 66, 45.0471177, 45.34746216, 45.81245227, 46.5962646, 47.47720989, 48.36881356, 49.18044547, 49.67034368, 49.99017661, 3),
(169, 1, 70, 45.21790307, 45.52229008, 45.99314685, 46.78577645, 47.67503833, 48.57335854, 49.38963138, 49.88165697, 50.20260675, 3),
(170, 1, 74, 45.37104465, 45.67997038, 46.1573882, 46.95980996, 47.85820606, 48.76378933, 49.58497069, 50.07918514, 50.40125302, 3),
(171, 1, 78, 45.50843477, 45.82233697, 46.30692463, 47.1199854, 48.02821867, 48.94153284, 49.767856, 50.26431891, 50.58751304, 3),
(172, 1, 82, 45.63169289, 45.95096016, 46.4432543, 47.2676925, 48.18636864, 49.10781495, 49.93948448, 50.43825419, 50.76258871, 3),
(173, 1, 86, 45.74221477, 46.06719402, 46.56766983, 47.4041314, 48.3337732, 49.26369641, 50.10089268, 50.60202648, 50.92752068, 3),
(174, 1, 90, 45.84121112, 46.17221358, 46.68129357, 47.53034509, 48.47140432, 49.41010098, 50.25298383, 50.75653813, 51.0832155, 3),
(175, 1, 94, 45.92973857, 46.26704456, 46.78510558, 47.64724492, 48.60011223, 49.54783776, 50.39654965, 50.90258011, 51.23046767, 3),
(176, 1, 98, 46.00872286, 46.35258644, 46.87996641, 47.75563267, 48.72064621, 49.67762038, 50.53228805, 51.04084871, 51.36997568, 3),
(177, 1, 102, 46.07898233, 46.42963351, 46.96663488, 47.85621436, 48.83366629, 49.80007885, 50.6608169, 51.17196156, 51.50235977, 3),
(178, 1, 106, 46.14123974, 46.49888834, 47.0457837, 47.9496179, 48.93976089, 49.91577508, 50.78268619, 51.29646691, 51.62816923, 3),
(179, 1, 110, 46.19613885, 46.56097639, 47.11801133, 48.03640172, 49.03945383, 50.02521023, 50.89838727, 51.41485491, 51.74789519, 3),
(180, 1, 112, 46.24425435, 46.61645615, 47.18385241, 48.11706526, 49.13321432, 50.12883385, 51.00836092, 51.52756491, 51.8619775, 3),
(181, 1, 116, 46.28610129, 46.66582817, 47.24378625, 48.19205668, 49.22146409, 50.22705052, 51.11300399, 51.63499226, 51.97081164, 3),
(182, 1, 120, 46.32214286, 46.70954267, 47.29824404, 48.26177952, 49.30458348, 50.32022568, 51.212675, 51.73749389, 52.0747544, 3),
(183, 1, 124, 46.35279696, 46.7480058, 47.34761489, 48.32659828, 49.38291658, 50.4086904, 51.30769888, 51.83539311, 52.17412868, 3),
(184, 1, 128, 46.37844176, 46.78158515, 47.39225099, 48.38684322, 49.45677569, 50.49274559, 51.39837096, 51.92898358, 52.26922758, 3),
(185, 1, 132, 46.39942043, 46.81061427, 47.43247203, 48.44281439, 49.526445, 50.57266545, 51.48496048, 52.01853284, 52.36031789, 3),
(186, 1, 136, 46.41604524, 46.83539667, 47.46856894, 48.49478513, 49.59218385, 50.64870057, 51.56771347, 52.10428523, 52.44764311, 3),
(187, 1, 140, 46.42860105, 46.85620919, 47.50080715, 48.54300509, 49.65422952, 50.72108047, 51.64685536, 52.18646448, 52.53142603, 3),
(188, 1, 144, 46.43343534, 46.86520671, 47.51555592, 48.56578071, 49.68393611, 50.75596627, 51.68513749, 52.22627901, 52.57205364, 3),
(189, 2, 0, 31.93019666, 32.25089861, 32.75948527, 33.65186554, 34.7115617, 35.85124044, 36.9534983, 37.65137722, 38.12110271, 3),
(190, 2, 2, 33.38070525, 33.68743507, 34.17345861, 35.02508397, 36.03453876, 37.11806755, 38.16405088, 38.82535049, 39.27005698, 3),
(191, 2, 6, 35.48627093, 35.77560367, 36.23325692, 37.03281566, 37.97671987, 38.9853304, 39.95458524, 40.56517149, 40.97482424, 3),
(192, 2, 10, 36.98550023, 37.26521982, 37.70685493, 38.47603153, 39.3801263, 40.34145495, 41.2606303, 41.83732218, 42.22321458, 3),
(193, 2, 14, 38.13114313, 38.40560987, 38.83813686, 39.58904997, 40.46773733, 41.39732095, 42.28152907, 42.83395649, 43.20260356, 3),
(194, 2, 18, 39.04619196, 39.31813786, 39.74588078, 40.4861083, 41.34841008, 42.2560375, 43.11489105, 43.64924082, 44.00485959, 3),
(195, 2, 22, 39.79959574, 40.07085921, 40.49672423, 41.23135738, 42.0833507, 42.97566066, 43.81574641, 44.33630066, 44.68183088, 3),
(196, 2, 26, 40.43379494, 40.70567458, 41.13171253, 41.86434514, 42.71033603, 43.59207071, 44.41814599, 44.92802856, 45.26562921, 3),
(197, 2, 30, 40.97671526, 41.25016088, 41.67787092, 42.41113299, 43.25428882, 44.1289691, 44.94460711, 45.44618705, 45.77750554, 3),
(198, 2, 34, 41.44767738, 41.72340175, 42.15390873, 42.88977797, 43.73249646, 44.60281599, 45.41078317, 45.90591158, 46.23224218, 3),
(199, 2, 38, 41.86058302, 42.1391311, 42.57329563, 43.31329057, 44.15742837, 45.025498, 45.82798881, 46.31814685, 46.64053024, 3),
(200, 2, 42, 42.22575305, 42.50754798, 42.94603917, 43.69134604, 44.53836794, 45.40587424, 46.2046631, 46.69105794, 47.01034581, 3),
(201, 2, 46, 42.55105219, 42.83642568, 43.27976931, 44.03132658, 44.88240562, 45.75071845, 46.54726413, 47.0308956, 47.34779597, 3),
(202, 2, 50, 42.84260355, 43.13181766, 43.58043062, 44.33898883, 45.19507651, 46.06532374, 46.86084173, 47.34254856, 47.65765724, 3),
(203, 2, 54, 43.10526272, 43.39852553, 43.85274045, 44.61890505, 45.48078147, 46.3539026, 47.14941728, 47.62991078, 47.9437344, 3),
(204, 2, 58, 43.34294145, 43.64041855, 44.10050201, 44.87476468, 45.74307527, 46.61986076, 47.41624393, 47.89613288, 48.20910612, 3),
(205, 2, 62, 43.55883459, 43.86065785, 44.32682391, 45.10958609, 45.98486901, 46.86598965, 47.66398946, 48.14379909, 48.45629769, 3),
(206, 2, 66, 43.75558315, 44.06185727, 44.53427792, 45.32586864, 46.20857558, 47.09460485, 47.89486804, 48.37505457, 48.68740549, 3),
(207, 2, 70, 43.93539362, 44.24620133, 44.72501451, 45.52570414, 46.41621635, 47.30764771, 48.11073684, 48.59169895, 48.90418837, 3),
(208, 2, 74, 44.10012707, 44.4155332, 44.90084908, 45.71086007, 46.60950084, 47.50676129, 48.31316842, 48.79525631, 49.10813597, 3),
(209, 2, 78, 44.25136665, 44.57142131, 45.06332728, 45.88284266, 46.78988722, 47.69334806, 48.50350565, 48.98702837, 49.30052069, 3),
(210, 2, 82, 44.39046947, 44.71521065, 45.21377531, 46.04294544, 46.95862881, 47.86861428, 48.68290399, 49.16813538, 49.48243771, 3),
(211, 2, 86, 44.51860703, 44.84806267, 45.35333901, 46.19228703, 47.11681039, 48.03360465, 48.85236462, 49.33954821, 49.65483625, 3),
(212, 2, 90, 44.63679702, 44.9709867, 45.48301476, 46.33184096, 47.26537682, 48.18922971, 49.01276045, 49.50211352, 49.81854421, 3),
(213, 2, 94, 44.74592866, 45.08486501, 45.60367396, 46.46245944, 47.40515585, 48.3362876, 49.16485698, 49.65657394, 49.97428788, 3),
(214, 2, 98, 44.8467831, 45.19047292, 45.71608285, 46.58489242, 47.53687649, 48.47548169, 49.30932908, 49.80358436, 50.12270782, 3),
(215, 2, 102, 44.94004992, 45.28849516, 45.82091847, 46.69980317, 47.66118396, 48.60743482, 49.44677462, 49.94372506, 50.26437172, 3),
(216, 2, 106, 45.02634065, 45.37953915, 45.91878183, 46.80778091, 47.77865186, 48.73270105, 49.57772565, 50.07751255, 50.39978499, 3),
(217, 2, 110, 45.10619989, 45.46414607, 46.01020865, 46.90935129, 47.8897923, 48.85177527, 49.70265762, 50.20540857, 50.52939951, 3),
(218, 2, 112, 45.18011452, 45.54279995, 46.09567835, 47.00498513, 47.99506422, 48.96510128, 49.82199704, 50.32782741, 50.65362082, 3),
(219, 2, 116, 45.24852146, 45.61593528, 46.17562155, 47.0951056, 48.09488048, 49.07307846, 49.93612795, 50.44514221, 50.77281425, 3),
(220, 2, 120, 45.31181411, 45.68394345, 46.25042633, 47.18009439, 48.18961365, 49.17606748, 50.04539729, 50.55769018, 50.88731003, 3),
(221, 2, 124, 45.37034782, 45.74717813, 46.32044357, 47.26029687, 48.2796011, 49.27439505, 50.15011948, 50.66577699, 50.99740757, 3),
(222, 2, 128, 45.42444455, 45.80595987, 46.38599146, 47.33602646, 48.36514917, 49.36835799, 50.25058031, 50.7696806, 51.10337919, 3),
(223, 2, 132, 45.47439662, 45.86057993, 46.44735943, 47.40756856, 48.44653703, 49.45822692, 50.34704031, 50.86965434, 51.20547307, 3),
(224, 2, 136, 45.52047097, 45.91130407, 46.50481123, 47.47518307, 48.52401894, 49.54424855, 50.43973755, 50.96593013, 51.30391674, 3),
(225, 2, 140, 45.56291074, 45.95837475, 46.55858812, 47.53910827, 48.59782828, 49.62664932, 50.52889019, 51.05872021, 51.39891816, 3),
(226, 2, 144, 45.58283802, 45.98061022, 46.58416826, 47.56975632, 48.63342328, 49.66655746, 50.57220052, 51.1038697, 51.44518843, 3);

-- --------------------------------------------------------

--
-- Table structure for table `guide`
--

CREATE TABLE IF NOT EXISTS `guide` (
  `id` int(11) unsigned NOT NULL,
  `id_main_section` int(11) unsigned NOT NULL,
  `age` varchar(50) NOT NULL,
  `description` text CHARACTER SET utf8 COLLATE utf8_unicode_ci NOT NULL
) ENGINE=InnoDB DEFAULT CHARSET=latin1;

-- --------------------------------------------------------

--
-- Table structure for table `login_attempts`
--

CREATE TABLE IF NOT EXISTS `login_attempts` (
  `id` int(11) unsigned NOT NULL,
  `ip_address` varchar(15) NOT NULL,
  `login` varchar(100) NOT NULL,
  `time` int(11) unsigned DEFAULT NULL
) ENGINE=InnoDB DEFAULT CHARSET=utf8;

-- --------------------------------------------------------

--
-- Table structure for table `main_section`
--

CREATE TABLE IF NOT EXISTS `main_section` (
  `id` int(11) unsigned NOT NULL,
  `name` varchar(50) NOT NULL,
  `description` varchar(100) CHARACTER SET utf32 DEFAULT NULL,
  `android_app_icon` varchar(250) CHARACTER SET utf32 NOT NULL
) ENGINE=InnoDB AUTO_INCREMENT=7 DEFAULT CHARSET=latin1;

--
-- Dumping data for table `main_section`
--

INSERT INTO `main_section` (`id`, `name`, `description`, `android_app_icon`) VALUES
(1, 'Growth', 'Monitor your child''s growth age by age, using basic growth charts.', 'main_section_growth.png'),
(2, 'Solid food', 'Keep track on your child''s food to help his pediatrician.', 'main_section_food.png'),
(3, 'Sleep', 'Keep track on your child''s sleep amount, to make sure he/she is taking enough sleep.', 'main_section_sleep.png'),
(4, 'Skills', 'Monitor your child''s development age by age.', 'main_section_skills.png'),
(5, 'Vaccinations', 'description', 'main_section_vaccinationa.png'),
(6, 'Doctors', 'Link your child to his/here doctor account', 'main_section_doctors.png');

-- --------------------------------------------------------

--
-- Table structure for table `main_section_details`
--

CREATE TABLE IF NOT EXISTS `main_section_details` (
  `id` int(11) unsigned NOT NULL,
  `name` varchar(50) NOT NULL,
  `icon` text CHARACTER SET utf8 COLLATE utf8_unicode_ci NOT NULL,
  `id_main_section` int(11) unsigned NOT NULL,
  `description` varchar(100) CHARACTER SET utf32 DEFAULT NULL,
  `type` enum('social','main','guide','') CHARACTER SET utf32 NOT NULL DEFAULT 'main'
) ENGINE=InnoDB AUTO_INCREMENT=33 DEFAULT CHARSET=latin1;

--
-- Dumping data for table `main_section_details`
--

INSERT INTO `main_section_details` (`id`, `name`, `icon`, `id_main_section`, `description`, `type`) VALUES
(10, 'Growth Charts', 'growth.jpg', 1, 'Monitor your child''s growth', 'main'),
(11, 'Guide', 'guide.png', 1, 'Age by age growth guide', 'guide'),
(12, 'Social network', 'social.jpg', 1, 'Growth network ', 'social'),
(13, 'Solid food', 'food.jpg', 2, 'Monitor your child''s feed', 'main'),
(14, 'Guide', 'guide.png', 2, 'Age by age food guide', 'guide'),
(15, 'Social network', 'social.jpg', 2, 'Food network', 'social'),
(16, 'Sleep', 'sleep.jpg', 3, 'Monitor your child''s sleep', 'main'),
(17, 'Guide', 'guide.png', 3, 'Age by age sleep guide', 'guide'),
(24, 'Social network', 'social.jpg', 3, 'Sleep network', 'social'),
(27, 'Skills', 'skills.jpg', 4, 'Monitor your child''s development age by age', 'main'),
(28, 'Guide', 'guide.png', 4, 'Age by age Babies'' development guide', 'guide'),
(29, 'Social network', 'social.jpg', 4, 'Skills social network', 'social'),
(30, 'Vaccination record', '', 5, 'Your child''s The vaccinations'' record ', 'main'),
(31, 'Your child''s doctor', '', 6, 'Doctors you have linked your child account to their accounts', 'main'),
(32, 'Link to doctor', '', 6, 'Link your child''s account to doctors'' accounts', 'main');

-- --------------------------------------------------------

--
-- Table structure for table `notification`
--

CREATE TABLE IF NOT EXISTS `notification` (
  `id` int(11) unsigned NOT NULL,
  `creator_user_id` int(11) unsigned NOT NULL,
  `additional_data` int(11) unsigned NOT NULL,
  `type_id` int(11) unsigned NOT NULL,
  `creation_date` datetime NOT NULL,
  `title` text CHARACTER SET utf8 NOT NULL,
  `text` text CHARACTER SET utf8 NOT NULL,
  `img` text CHARACTER SET utf8 NOT NULL
) ENGINE=InnoDB AUTO_INCREMENT=50 DEFAULT CHARSET=latin1;

--
-- Dumping data for table `notification`
--

INSERT INTO `notification` (`id`, `creator_user_id`, `additional_data`, `type_id`, `creation_date`, `title`, `text`, `img`) VALUES
(1, 1, 1, 3, '2016-05-04 00:00:00', 'gr\\htjgdc', 'fdjhfk\\asld', ''),
(2, 33, 1, 1, '2016-05-23 00:53:19', 'vaccination request', ' $user_name has requested a vvvvv vaccination for his child $child_name.', ''),
(3, 33, 1, 1, '2016-05-23 00:53:41', 'vaccination request', ' $user_name has requested a vvvvv vaccination for his child $child_name.', ''),
(4, 33, 1, 1, '2016-05-23 00:53:57', 'vaccination request', ' $user_name has requested a vvvvv vaccination for his child $child_name.', ''),
(5, 33, 1, 1, '2016-05-23 00:55:07', 'vaccination request', ' $user_name has requested a vvvvv vaccination for his child $child_name.', ''),
(6, 33, 1, 1, '2016-05-23 00:55:55', 'vaccination request', ' $user_name has requested a vvvvv vaccination for his child $child_name.', ''),
(7, 33, 1, 1, '2016-05-23 00:57:24', 'vaccination request', 'You have a new request for vvvvv vaccination.', ''),
(8, 33, 1, 1, '2016-05-23 00:58:50', 'vaccination request', 'You have a new request for vvvvv vaccination.', ''),
(9, 33, 1, 1, '2016-05-23 00:59:22', 'vaccination request', 'You have a new request for vvvvv vaccination.', ''),
(10, 33, 1, 1, '2016-05-23 00:59:38', 'vaccination request', 'You have a new request for vvvvv vaccination.', ''),
(11, 33, 1, 1, '2016-05-23 00:59:57', 'vaccination request', 'You have a new request for vvvvv vaccination.', ''),
(12, 33, 1, 1, '2016-05-23 01:00:25', 'vaccination request', 'You have a new request for vvvvv vaccination.', ''),
(13, 33, 1, 1, '2016-05-23 01:31:04', 'vaccination request', 'You have a new request for vvvvv vaccination.', ''),
(14, 33, 1, 1, '2016-05-23 01:34:38', 'vaccination request', 'You have a new request for vvvvv vaccination.', ''),
(15, 33, 1, 1, '2016-05-23 01:41:52', 'vaccination request', 'You have a new request for vvvvv vaccination.', ''),
(16, 33, 1, 1, '2016-05-23 01:45:15', 'vaccination request', 'You have a new request for vvvvv vaccination.', ''),
(17, 33, 1, 1, '2016-05-23 01:50:07', 'vaccination request', 'You have a new request for vvvvv vaccination.', ''),
(18, 33, 2, 2, '2016-05-23 09:40:53', 'register request', ' 0 has requested to register his child $SoSo.', ''),
(19, 33, 4, 2, '2016-05-23 09:53:26', 'register request', ' 0 has requested to register his child $SoSo.', ''),
(22, 33, 4, 2, '2016-05-23 09:55:54', 'register request', ' 0 has requested to register his child $SoSo.', ''),
(23, 33, 4, 2, '2016-05-23 09:56:10', 'register request', ' 0 has requested to register his child $SoSo.', ''),
(24, 33, 4, 2, '2016-05-23 09:56:43', 'register request', '  has requested to register his child $SoSo.', ''),
(25, 33, 4, 2, '2016-05-23 09:57:19', 'register request', ' 0 has requested to register his child SoSo.', ''),
(26, 33, 4, 2, '2016-05-23 09:57:57', 'register request', '   has requested to register his child SoSo.', ''),
(27, 33, 4, 2, '2016-05-23 09:57:59', 'register request', '   has requested to register his child SoSo.', ''),
(28, 33, 4, 2, '2016-05-23 09:58:07', 'register request', '  has requested to register his child SoSo.', ''),
(29, 33, 4, 2, '2016-05-23 10:00:04', 'register request', '   has requested to register his child SoSo.', ''),
(30, 33, 4, 2, '2016-05-23 10:01:32', 'register request', ' amal nouri has requested to register his child SoSo.', ''),
(31, 33, 1, 1, '2016-05-23 12:57:39', 'vaccination request', 'You have a new request for vvvvv vaccination.', ''),
(32, 33, 5, 2, '2016-05-23 13:00:55', 'register request', ' amal nouri has requested to register his child SoSo.', ''),
(33, 33, 1, 2, '2016-05-25 19:23:47', 'register request', ' Amal nouri has requested to register his child roro.', ''),
(35, 41, 2, 2, '2016-05-26 14:15:02', 'register request', ' and roi has requested to register his child soso.', ''),
(36, 41, 3, 2, '2016-05-26 14:17:06', 'register request', ' and roi has requested to register his child soso.', ''),
(41, 41, 7, 2, '2016-05-26 14:28:33', 'register request', ' and roi has requested to register his child soso.', 'notification2.png'),
(47, 41, 2, 1, '2016-05-26 14:39:11', 'vaccination request', 'You have a new request for vvvvv vaccination.', 'notification1.png'),
(48, 43, 43, 4, '2016-05-29 02:18:28', 'request approved', ' usama albaghdady has approved your request.', 'approve_req.jpg'),
(49, 43, 43, 4, '2016-05-29 02:18:33', 'request approved', ' usama albaghdady has approved your request.', 'approve_req.jpg');

-- --------------------------------------------------------

--
-- Table structure for table `notification_recipieant`
--

CREATE TABLE IF NOT EXISTS `notification_recipieant` (
  `id` int(11) unsigned NOT NULL,
  `notification_id` int(11) unsigned NOT NULL,
  `recipient_user_id` int(11) unsigned NOT NULL,
  `id_child` int(11) unsigned NOT NULL,
  `is_seen` tinyint(1) NOT NULL,
  `is_seen_date` datetime NOT NULL
) ENGINE=InnoDB AUTO_INCREMENT=6 DEFAULT CHARSET=latin1;

--
-- Dumping data for table `notification_recipieant`
--

INSERT INTO `notification_recipieant` (`id`, `notification_id`, `recipient_user_id`, `id_child`, `is_seen`, `is_seen_date`) VALUES
(1, 33, 2, 12, 0, '0000-00-00 00:00:00'),
(3, 1, 33, 12, 1, '2016-05-26 07:29:40'),
(4, 48, 19, 6, 0, '0000-00-00 00:00:00'),
(5, 49, 19, 7, 0, '0000-00-00 00:00:00');

-- --------------------------------------------------------

--
-- Table structure for table `notification_type`
--

CREATE TABLE IF NOT EXISTS `notification_type` (
  `id` int(11) unsigned NOT NULL,
  `name` varchar(255) CHARACTER SET utf8 NOT NULL,
  `title` text CHARACTER SET utf8 NOT NULL,
  `text` text CHARACTER SET utf8 NOT NULL
) ENGINE=InnoDB AUTO_INCREMENT=6 DEFAULT CHARSET=latin1;

--
-- Dumping data for table `notification_type`
--

INSERT INTO `notification_type` (`id`, `name`, `title`, `text`) VALUES
(1, 'vaccination request', 'vaccination request', 'You have a new request for $vec_name vaccination.'),
(2, 'register at doctor', 'register request', ' $user_name has requested to register his child $child_name.'),
(3, 'new vaccination adv', 'vaccination advertisement', ' $doctor_name has added a new vaccination ( $vaccination_name ).'),
(4, 'doctor request approved', 'request approved', ' $doctor_name has approved your request.'),
(5, 'vaccination added', 'vaccination added', ' $vac_name vaccination has been added to your child vaccination list.');

-- --------------------------------------------------------

--
-- Table structure for table `patient_review`
--

CREATE TABLE IF NOT EXISTS `patient_review` (
  `id` int(11) unsigned NOT NULL,
  `id_patient` int(11) unsigned NOT NULL,
  `id_doctor` int(11) unsigned NOT NULL,
  `waiting_time` int(10) unsigned NOT NULL,
  `office_cleanliness` int(1) unsigned NOT NULL,
  `explination_clarity` int(1) unsigned NOT NULL
) ENGINE=InnoDB AUTO_INCREMENT=4 DEFAULT CHARSET=utf32;

--
-- Dumping data for table `patient_review`
--

INSERT INTO `patient_review` (`id`, `id_patient`, `id_doctor`, `waiting_time`, `office_cleanliness`, `explination_clarity`) VALUES
(1, 23, 2, 10, 4, 3),
(2, 19, 43, 10, 5, 3),
(3, 27, 43, 20, 4, 4);

-- --------------------------------------------------------

--
-- Table structure for table `quantities`
--

CREATE TABLE IF NOT EXISTS `quantities` (
  `id` int(11) unsigned NOT NULL,
  `name` varchar(50) CHARACTER SET utf32 NOT NULL,
  `unit` varchar(11) CHARACTER SET utf32 NOT NULL
) ENGINE=InnoDB AUTO_INCREMENT=4 DEFAULT CHARSET=latin1;

--
-- Dumping data for table `quantities`
--

INSERT INTO `quantities` (`id`, `name`, `unit`) VALUES
(1, 'Weight', 'Kg'),
(2, 'Height', 'CM'),
(3, 'Head circumference', 'CM');

-- --------------------------------------------------------

--
-- Table structure for table `register_for_vaccination`
--

CREATE TABLE IF NOT EXISTS `register_for_vaccination` (
  `id` int(11) unsigned NOT NULL,
  `id_child` int(11) unsigned NOT NULL,
  `id_adv` int(11) unsigned NOT NULL
) ENGINE=InnoDB AUTO_INCREMENT=5 DEFAULT CHARSET=latin1;

--
-- Dumping data for table `register_for_vaccination`
--

INSERT INTO `register_for_vaccination` (`id`, `id_child`, `id_adv`) VALUES
(1, 11, 1),
(2, 27, 2),
(3, 6, 2),
(4, 7, 2);

-- --------------------------------------------------------

--
-- Table structure for table `skills`
--

CREATE TABLE IF NOT EXISTS `skills` (
  `id` int(11) unsigned NOT NULL,
  `age_from` int(10) unsigned NOT NULL,
  `age_to` int(10) unsigned NOT NULL,
  `skill` varchar(150) NOT NULL,
  `kind` enum('Achieved','Emerging','Advanced','') NOT NULL
) ENGINE=InnoDB AUTO_INCREMENT=261 DEFAULT CHARSET=utf32;

--
-- Dumping data for table `skills`
--

INSERT INTO `skills` (`id`, `age_from`, `age_to`, `skill`, `kind`) VALUES
(1, 0, 1, 'Lifts head', 'Achieved'),
(2, 0, 1, 'Respondsto sound', 'Achieved'),
(3, 0, 1, 'Stares at faces', 'Achieved'),
(4, 0, 1, 'Cansee black-and-white patterns', 'Achieved'),
(5, 0, 1, 'Follows objects', 'Emerging'),
(6, 0, 1, 'Oohs and ahs', 'Emerging'),
(8, 0, 1, 'Laughs', 'Advanced'),
(9, 0, 1, 'Holds head at 45-degree angle', 'Advanced'),
(10, 1, 2, 'Vocalises sounds - gurgling and cooing', 'Achieved'),
(11, 1, 2, 'Follows objects', 'Achieved'),
(12, 1, 2, 'Holds head upfor short periods', 'Achieved'),
(13, 1, 2, 'Smiles responsively, laughs', 'Emerging'),
(14, 1, 2, 'Holds head at 45-degree angle', 'Emerging'),
(15, 1, 2, 'Movements become smoother', 'Emerging'),
(16, 1, 2, 'Holds head steady', 'Advanced'),
(17, 1, 2, 'Bears weight on legs', 'Advanced'),
(18, 1, 2, 'Maylift head and shoulder (mini push-up)', 'Advanced'),
(19, 2, 3, 'Laughs and smiles', 'Achieved'),
(21, 2, 3, 'Recognises your faceand scent', 'Achieved'),
(22, 2, 3, 'Squeals,gurgles, coos', 'Emerging'),
(23, 2, 3, 'Recognises your voice', 'Emerging'),
(24, 2, 3, 'Does mini push-ups', 'Emerging'),
(25, 2, 3, 'Turns towards loud sounds', 'Advanced'),
(26, 2, 3, 'Can bring hands together and may bat at toys', 'Advanced'),
(27, 2, 3, 'Canroll over', 'Advanced'),
(28, 3, 4, 'Holdshead up steadily', 'Achieved'),
(29, 3, 4, 'Can bear weight on legs', 'Achieved'),
(30, 3, 4, 'Coos when you talk to him', 'Achieved'),
(31, 3, 4, 'Does mini push-ups', 'Achieved'),
(32, 3, 4, 'Cangrasp a toy', 'Emerging'),
(33, 3, 4, 'Reaches out for objects', 'Emerging'),
(34, 3, 4, 'Can roll over', 'Emerging'),
(35, 3, 4, 'Imitates speech sounds - baba, dada', 'Advanced'),
(36, 3, 4, 'Maycut first tooth', 'Advanced'),
(37, 4, 5, 'Candistinguish between bold colours', 'Achieved'),
(38, 4, 5, 'Can roll over', 'Achieved'),
(39, 4, 5, 'Amuses himself by playing with hands and feet', 'Achieved'),
(40, 4, 5, 'Turns towardsnew sounds', 'Emerging'),
(41, 4, 5, 'Recognises own name', 'Emerging'),
(42, 4, 5, 'May sit momentarily without support', 'Advanced'),
(43, 4, 5, 'Mouths objects', 'Advanced'),
(44, 4, 5, 'Stranger anxietymay begin', 'Advanced'),
(45, 5, 6, 'Turns towards sounds and voices', 'Achieved'),
(46, 5, 6, 'Imitates sounds, blows bubbles', 'Achieved'),
(47, 5, 6, 'Rolls in both directions', 'Achieved'),
(48, 5, 6, 'Reaches for objects and mouths them', 'Emerging'),
(49, 5, 6, 'Sits without support', 'Emerging'),
(50, 5, 6, 'May lunge forward orstart crawling', 'Advanced'),
(51, 5, 6, 'May jabber or combine syllables', 'Advanced'),
(52, 5, 6, 'May drag object towards himself', 'Advanced'),
(53, 6, 7, 'Sitswithout support', 'Achieved'),
(54, 6, 7, 'Reaches for things with a sweeping motion', 'Achieved'),
(55, 6, 7, 'Imitatesspeech sounds(babbles)', 'Achieved'),
(56, 6, 7, 'Combines syllables into word-like sounds', 'Emerging'),
(57, 6, 7, 'Begins tocrawlor lunges forward', 'Emerging'),
(58, 6, 7, 'Picks up objects with one hand and passes to the other hand', 'Emerging'),
(59, 6, 7, 'Bangs objects together', 'Emerging'),
(60, 6, 7, 'Standswhile holding on to something', 'Advanced'),
(61, 6, 7, 'Waves goodbye', 'Advanced'),
(62, 7, 8, 'Says "dada" and "mama" to both parents (isn''t specific)', 'Achieved'),
(63, 7, 8, 'Begins to crawl', 'Achieved'),
(64, 7, 8, 'Passes object fromhand to hand', 'Achieved'),
(65, 7, 8, 'Stands while holding on to something', 'Emerging'),
(66, 7, 8, 'Crawlswell', 'Emerging'),
(67, 7, 8, 'Points at objects', 'Emerging'),
(68, 7, 8, 'Pulls self to standing position, cruises around furniture while holding on', 'Advanced'),
(69, 7, 8, 'Picks things up with thumb-and-fingerpincer grasp', 'Advanced'),
(70, 7, 8, 'Indicates wants with gestures', 'Advanced'),
(71, 8, 9, 'Combines syllablesinto word-like sounds', 'Achieved'),
(72, 8, 9, 'Stands while holding on to something', 'Achieved'),
(73, 8, 9, 'Bangs, drops, and throws objects', 'Achieved'),
(74, 8, 9, 'Usespincer graspto pick up objects', 'Emerging'),
(75, 8, 9, 'Cruiseswhile holding on to furniture', 'Emerging'),
(76, 8, 9, 'Plays pat-a-cake', 'Advanced'),
(77, 8, 9, 'Says "dada" and "mama"to the right parent (is specific)', 'Advanced'),
(78, 9, 10, 'Waves goodbye', 'Achieved'),
(79, 9, 10, 'Picks things up with pincer grasp', 'Achieved'),
(80, 9, 10, 'Crawlswell', 'Achieved'),
(81, 9, 10, 'Cruises', 'Achieved'),
(82, 9, 10, 'Says "dada" and "mama" to the right parent (is specific)', 'Emerging'),
(83, 9, 10, 'Respondsto name and understands "no"', 'Emerging'),
(84, 9, 10, 'Indicates wants with gestures', 'Emerging'),
(85, 9, 10, 'Drinks from a cup', 'Advanced'),
(86, 9, 10, 'Standsalone for a couple of seconds', 'Advanced'),
(87, 9, 10, 'Puts objects into a container', 'Advanced'),
(88, 10, 11, 'Says "dada" and "mama"to the right parent (is specific)', 'Achieved'),
(89, 10, 11, 'Plays pat-a-cake', 'Achieved'),
(90, 10, 11, 'Stands alone for a couple of seconds', 'Achieved'),
(91, 10, 11, 'Imitates others'' activities', 'Emerging'),
(92, 10, 11, 'Puts objects into a container', 'Emerging'),
(93, 10, 11, 'Understandssimple instructions', 'Emerging'),
(94, 10, 11, 'Drinksfrom a cup', 'Advanced'),
(95, 10, 11, 'Says one word besides "mama" and "dada"', 'Advanced'),
(96, 10, 11, 'Stoops from standing position', 'Advanced'),
(97, 11, 12, 'Imitatesothers'' activities', 'Achieved'),
(98, 11, 12, 'Jabbers word-like sounds', 'Achieved'),
(99, 11, 12, 'Indicates wants with gestures', 'Achieved'),
(100, 11, 12, 'Says one word besides "mama" and "dada"', 'Emerging'),
(101, 11, 12, 'Takes a few steps', 'Emerging'),
(102, 11, 12, 'Understandsand responds to simple instructions', 'Emerging'),
(103, 11, 12, 'Scribbleswith crayon', 'Advanced'),
(104, 11, 12, 'Walkswell', 'Advanced'),
(105, 11, 12, 'Says two words besides "mama" and "dada"', 'Advanced'),
(106, 12, 13, 'Uses two words skillfully (e.g. "hello" and "bye")', 'Achieved'),
(107, 12, 13, 'Bends over and picks up an object', 'Achieved'),
(108, 12, 13, 'Stands alone', 'Achieved'),
(109, 12, 13, 'Enjoys gazing at his reflection', 'Emerging'),
(110, 12, 13, 'Drinks from a cup', 'Emerging'),
(111, 12, 13, 'Plays "peekaboo"', 'Emerging'),
(112, 12, 13, 'Combines words and gestures to make needs known', 'Advanced'),
(113, 12, 13, 'Tries to lift heavy things', 'Advanced'),
(114, 12, 13, 'Rolls a ball back and forth', 'Advanced'),
(115, 13, 14, 'Finger feeds', 'Achieved'),
(116, 13, 14, 'Empties containers of contents', 'Achieved'),
(117, 13, 14, 'Imitates others', 'Achieved'),
(118, 13, 14, 'Toddleswell', 'Emerging'),
(119, 13, 14, 'Initiates games', 'Emerging'),
(120, 13, 14, 'Points to one body part when asked', 'Emerging'),
(121, 13, 14, 'Uses spoon or fork', 'Advanced'),
(122, 13, 14, 'Matches lids with appropriate containers (e.g. pots and pans)', 'Advanced'),
(123, 13, 14, 'Pushes and pulls toys while walking', 'Advanced'),
(124, 14, 15, 'Plays with ball', 'Achieved'),
(125, 14, 15, 'Vocabulary increases up to five words', 'Achieved'),
(126, 14, 15, 'Walks backward', 'Achieved'),
(127, 14, 15, 'Candrawa line', 'Emerging'),
(128, 14, 15, 'Runs well', 'Emerging'),
(129, 14, 15, 'Adopts "no" as his favourite word', 'Emerging'),
(130, 14, 15, 'Walks up stairs', 'Advanced'),
(131, 14, 15, '"Helps" around the house', 'Advanced'),
(132, 14, 15, 'Puts his fingers to his mouth and says "shhh"', 'Advanced'),
(133, 15, 16, 'Turns the pages of a book', 'Achieved'),
(134, 15, 16, 'Has temper tantrums when frustrated', 'Achieved'),
(135, 15, 16, 'Becomes attached to a soft toy or other object', 'Achieved'),
(136, 15, 16, 'Discovers joy of climbing', 'Emerging'),
(137, 15, 16, 'Stacks three bricks', 'Emerging'),
(138, 15, 16, 'Learns the correct way to use common objects (e.g. the telephone)', 'Emerging'),
(139, 15, 16, 'Takes off one piece of clothing by himself', 'Advanced'),
(140, 15, 16, 'Gets fussy about food', 'Advanced'),
(141, 15, 16, 'Switches from twodaytime sleepsto one', 'Advanced'),
(142, 16, 17, 'Uses a handful of words regularly', 'Achieved'),
(143, 16, 17, 'Enjoys pretend games', 'Achieved'),
(144, 16, 17, 'Likes riding toys', 'Achieved'),
(145, 16, 17, 'Responds to directions (e.g. "Sit down")', 'Emerging'),
(146, 16, 17, 'Feeds doll', 'Emerging'),
(147, 16, 17, 'Talks more clearly', 'Emerging'),
(148, 16, 17, 'Dances to music', 'Advanced'),
(149, 16, 17, 'Sorts toys by colour, shape, or size', 'Advanced'),
(150, 16, 17, 'Kicks ball forward', 'Advanced'),
(151, 17, 18, 'Will "read" board books on his own', 'Achieved'),
(152, 17, 18, 'Can pedal when put on trike', 'Achieved'),
(153, 17, 18, 'Scribbles well', 'Achieved'),
(154, 17, 18, 'Strings words together in phrases', 'Emerging'),
(155, 17, 18, 'Brushes teeth with help', 'Emerging'),
(156, 17, 18, 'Builds a tower of four cubes', 'Emerging'),
(157, 17, 18, 'Throws ball overhand', 'Advanced'),
(158, 17, 18, 'Takes toys apart and puts them back together', 'Advanced'),
(159, 17, 18, 'Shows signs of toilet training readiness', 'Advanced'),
(160, 18, 19, 'Can use a spoon and fork', 'Achieved'),
(161, 18, 19, 'Can run', 'Achieved'),
(162, 18, 19, 'Can throw a ball underarm', 'Achieved'),
(163, 18, 19, 'Half of speech may be understandable', 'Emerging'),
(164, 18, 19, 'Recognises when something is wrong (calling a dog a cat)', 'Emerging'),
(165, 18, 19, 'Can wash and dry hands and brush teeth with help', 'Advanced'),
(166, 18, 19, 'Can point to picture of cat or dog when you say the word', 'Advanced'),
(167, 18, 19, 'May know when she needs to urinate', 'Advanced'),
(168, 19, 20, 'Will pretend to feed a doll', 'Achieved'),
(169, 19, 20, 'Can take off own clothes with help', 'Achieved'),
(170, 19, 20, 'Will throw away an object such as rubbish, in imitation', 'Achieved'),
(171, 19, 20, 'Learns words at a rate of ten or more a day', 'Emerging'),
(172, 19, 20, 'Can walk up (but probably not down) stairs', 'Emerging'),
(173, 19, 20, 'Searches for hidden objects', 'Emerging'),
(174, 19, 20, 'May start exploring genitals', 'Advanced'),
(175, 19, 20, 'Draws straighter lines', 'Advanced'),
(176, 19, 20, 'Names several body parts', 'Advanced'),
(177, 20, 21, 'Can walk up steps', 'Achieved'),
(178, 20, 21, 'Enjoys helping around the house', 'Achieved'),
(179, 20, 21, 'Can set simple goals (e.g. deciding to put a toy in a certain place)', 'Achieved'),
(180, 20, 21, 'Can throw a ball overarm', 'Emerging'),
(181, 20, 21, 'Can kick a ball', 'Emerging'),
(182, 20, 21, 'Can make building brick towers', 'Emerging'),
(183, 20, 21, 'Can name cat or dog when you show a picture', 'Advanced'),
(184, 20, 21, 'Can make short sentences (Me go)', 'Advanced'),
(185, 20, 21, 'Can walk down stairs', 'Advanced'),
(186, 21, 22, 'Can kick a ball forward', 'Achieved'),
(187, 21, 22, 'Follows two-step requests (get your doll and bring it here)', 'Achieved'),
(188, 21, 22, 'Imitates others'' behaviour', 'Achieved'),
(189, 21, 22, 'Can do simple puzzles', 'Emerging'),
(190, 21, 22, 'Can draw a straight line', 'Emerging'),
(191, 21, 22, 'Can identify several body parts', 'Emerging'),
(192, 21, 22, 'Can put on clothing', 'Advanced'),
(193, 21, 22, 'Understands opposites (tall and short)', 'Advanced'),
(194, 21, 22, 'Might be ready for a big bed', 'Advanced'),
(195, 22, 23, 'Can make a tower of four bricks', 'Achieved'),
(196, 22, 23, 'Can name a simple picture in a book', 'Achieved'),
(197, 22, 23, 'Can use 50 single words', 'Achieved'),
(198, 22, 23, 'Can make two- or three-word sentences', 'Emerging'),
(199, 22, 23, 'Can sing simple tunes', 'Emerging'),
(200, 22, 23, 'Takes more of an interest in playing with other children', 'Emerging'),
(201, 22, 23, 'Can walk down stairs', 'Advanced'),
(202, 22, 23, 'Talks about self (likes, dislikes)', 'Advanced'),
(203, 22, 23, 'Asks "Why?"', 'Advanced'),
(204, 23, 24, 'Can name at least six body parts on a doll', 'Achieved'),
(205, 23, 24, 'Half of speech is understandable', 'Achieved'),
(206, 23, 24, 'Can make short sentences', 'Achieved'),
(207, 23, 24, 'Starts talking about self', 'Emerging'),
(208, 23, 24, 'Can arrange things in categories', 'Emerging'),
(209, 23, 24, 'Can walk down stairs', 'Emerging'),
(210, 23, 24, 'Begins to understand abstract concepts like sooner and later', 'Advanced'),
(211, 23, 24, 'Becomes attuned to gender differences', 'Advanced'),
(212, 23, 24, 'Learns to jump', 'Advanced'),
(213, 24, 26, 'Takes off clothes', 'Achieved'),
(214, 24, 26, 'Names several body parts', 'Achieved'),
(215, 24, 26, 'Builds a tower out of three or four building bricks', 'Achieved'),
(216, 24, 26, 'Washes hands (needs help with drying)', 'Emerging'),
(217, 24, 26, 'Brushes teeth with help', 'Emerging'),
(218, 24, 26, 'Puts on clothes', 'Emerging'),
(219, 24, 26, 'Throws a ball overarm', 'Emerging'),
(220, 24, 26, 'Speaks clearly most of the time', 'Advanced'),
(221, 24, 26, 'Draws vertical line', 'Advanced'),
(222, 26, 28, 'Speaks clearly most of the time', 'Achieved'),
(223, 26, 28, 'Puts on clothes', 'Achieved'),
(224, 26, 28, 'Jumps up off the ground', 'Achieved'),
(225, 26, 28, 'Builds a tower out of several bricks', 'Emerging'),
(226, 26, 28, 'Draws vertical line', 'Advanced'),
(227, 26, 28, 'Balances on one foot', 'Advanced'),
(228, 28, 30, 'Brushes teeth with help', 'Achieved'),
(229, 28, 30, 'Washes hands (needs help with drying)', 'Achieved'),
(230, 28, 30, 'Draws a vertical line', 'Emerging'),
(231, 28, 30, 'Balances on one foot', 'Emerging'),
(232, 28, 30, 'Puts on T-shirt', 'Advanced'),
(233, 28, 30, 'Names one colour', 'Advanced'),
(234, 28, 30, 'Names one friend', 'Advanced'),
(235, 30, 32, 'Builds a tower of six building bricks', 'Achieved'),
(236, 30, 32, 'Names at least six body parts', 'Achieved'),
(237, 30, 32, 'Throws ball overarm', 'Achieved'),
(238, 30, 32, 'Puts on a T-shirt', 'Emerging'),
(239, 30, 32, 'Balances on each foot for a second', 'Emerging'),
(240, 30, 32, 'Brushes teeth with supervision', 'Emerging'),
(241, 30, 32, 'Calls a friend by his name', 'Advanced'),
(242, 30, 32, 'Uses two adjectives', 'Advanced'),
(243, 32, 34, 'Names one colour', 'Achieved'),
(244, 32, 34, 'Carries on a conversation of two to three sentences', 'Achieved'),
(245, 32, 34, 'Names at least four pictures in a book', 'Achieved'),
(246, 32, 34, 'Builds a tower of eight building bricks', 'Emerging'),
(247, 32, 34, 'Uses prepositions (e.g. on, in, over)', 'Emerging'),
(248, 32, 34, 'Speaks clearly most of the time', 'Emerging'),
(249, 32, 34, 'Completely toilet trained during the day', 'Advanced'),
(250, 32, 34, 'Wiggles thumb', 'Advanced'),
(251, 32, 34, 'Expresses a wide range of emotions', 'Advanced'),
(252, 34, 36, 'Can describe how two objects are used', 'Achieved'),
(253, 34, 36, 'Uses four to five words in a sentence', 'Achieved'),
(254, 34, 36, 'Names two actions (e.g. skipping, jumping)', 'Achieved'),
(255, 34, 36, 'Balances on each foot for three seconds', 'Emerging'),
(256, 34, 36, 'Can follow a two- or three-component command', 'Emerging'),
(257, 34, 36, 'Separates fairly easily from parents', 'Emerging'),
(258, 34, 36, 'Hops and skips', 'Advanced'),
(259, 34, 36, 'Draws a circle', 'Advanced'),
(260, 34, 36, 'Gets dressed without help', 'Advanced');

-- --------------------------------------------------------

--
-- Table structure for table `sleep_chart_data`
--

CREATE TABLE IF NOT EXISTS `sleep_chart_data` (
  `id` int(11) unsigned NOT NULL,
  `age_from` int(10) unsigned NOT NULL,
  `avrg_amount` float unsigned NOT NULL,
  `age_to` int(10) unsigned NOT NULL
) ENGINE=InnoDB AUTO_INCREMENT=26 DEFAULT CHARSET=utf32;

--
-- Dumping data for table `sleep_chart_data`
--

INSERT INTO `sleep_chart_data` (`id`, `age_from`, `avrg_amount`, `age_to`) VALUES
(2, 0, 17, 3),
(6, 4, 16, 4),
(7, 5, 15, 8),
(11, 9, 14, 18),
(21, 19, 13, 36),
(25, 37, 12, 48);

-- --------------------------------------------------------

--
-- Table structure for table `sleep_sample`
--

CREATE TABLE IF NOT EXISTS `sleep_sample` (
  `id` int(11) unsigned NOT NULL,
  `id_child` int(11) unsigned NOT NULL,
  `age_months` int(10) unsigned NOT NULL,
  `amount` float unsigned NOT NULL,
  `date` date NOT NULL
) ENGINE=InnoDB AUTO_INCREMENT=5 DEFAULT CHARSET=latin1;

--
-- Dumping data for table `sleep_sample`
--

INSERT INTO `sleep_sample` (`id`, `id_child`, `age_months`, `amount`, `date`) VALUES
(1, 6, 4, 10, '2016-05-04'),
(2, 6, 4, 15, '2016-05-10'),
(3, 6, 20, 15, '2016-05-04'),
(4, 6, 20, 18, '2016-05-18');

-- --------------------------------------------------------

--
-- Table structure for table `users`
--

CREATE TABLE IF NOT EXISTS `users` (
  `id` int(11) unsigned NOT NULL,
  `ip_address` varchar(45) NOT NULL,
  `username` varchar(100) DEFAULT NULL,
  `password` varchar(255) NOT NULL,
  `salt` varchar(255) DEFAULT NULL,
  `email` varchar(100) NOT NULL,
  `activation_code` varchar(40) DEFAULT NULL,
  `forgotten_password_code` varchar(40) DEFAULT NULL,
  `forgotten_password_time` int(11) unsigned DEFAULT NULL,
  `remember_code` varchar(40) DEFAULT NULL,
  `created_on` int(11) unsigned NOT NULL,
  `last_login` int(11) unsigned DEFAULT NULL,
  `active` tinyint(1) unsigned DEFAULT NULL,
  `first_name` varchar(50) DEFAULT NULL,
  `last_name` varchar(50) DEFAULT NULL,
  `company` varchar(100) DEFAULT NULL,
  `phone` varchar(20) DEFAULT NULL,
  `birth_date` date NOT NULL,
  `gender` enum('male','female') NOT NULL,
  `pic` text CHARACTER SET utf8 COLLATE utf8_unicode_ci NOT NULL,
  `id_role` int(11) unsigned NOT NULL,
  `rate` float DEFAULT '0',
  `location` varchar(255) CHARACTER SET utf32 NOT NULL,
  `location_name` text CHARACTER SET utf32 NOT NULL
) ENGINE=InnoDB AUTO_INCREMENT=44 DEFAULT CHARSET=utf8;

--
-- Dumping data for table `users`
--

INSERT INTO `users` (`id`, `ip_address`, `username`, `password`, `salt`, `email`, `activation_code`, `forgotten_password_code`, `forgotten_password_time`, `remember_code`, `created_on`, `last_login`, `active`, `first_name`, `last_name`, `company`, `phone`, `birth_date`, `gender`, `pic`, `id_role`, `rate`, `location`, `location_name`) VALUES
(1, '127.0.0.1', 'administrator', '$2y$08$u/j8Zd/Dk.OcOXS0j3iWl.lFqJrKoCEXmqgsuBjwk5PnT2zqvxTzS', '', 'admin@admin.com', '', NULL, NULL, 'BTJ9eEAQhyUCKlykNCjf.u', 1268889823, 1464482892, 1, 'Admin', 'istrator', 'ADMIN', '0', '0000-00-00', '', 'bc0357a1.jpg', 3, NULL, '33.5138073,36.27652790000002', 'Damascus, Damascus Governorate, Syria'),
(2, '::1', NULL, '$2y$08$sp49JRhjGIu0Y0bpbolEoefwPpGVbX2YDBNsjMQ1UUKAg0n/KiHeG', NULL, 'b.u@gmail.com', NULL, NULL, NULL, NULL, 1459800833, NULL, 1, 'usama', 'baghdady', 'usamaaaa', '123456789', '0000-00-00', 'male', '', 2, 7, '', ''),
(19, '127.0.0.1', 'amool', '$2y$08$cBgBAHEITBWcPkcrMcQrKevQDsb3RliiKFpz5obHeaBaqxqkegKJq', NULL, 'amalnu@gmail.com', NULL, NULL, NULL, NULL, 1460235128, 1460727336, 1, 'aaaaa', 'b', NULL, NULL, '0000-00-00', 'female', '', 2, 0, '', ''),
(21, '127.0.0.1', 'Amal2', '$2y$08$zm.0jecXvj558bynLMqpD.ZXQbjLijuNGaT1i.kwLdjUR7alUYCOC', NULL, 'aml@gmail.com', NULL, NULL, NULL, NULL, 1460235574, NULL, 1, NULL, NULL, NULL, NULL, '0000-00-00', 'male', '', 2, 57, '', ''),
(22, '127.0.0.1', 'Amool', '$2y$08$hx3EFdV4NDDqiSC1YMzVfuM4.GVuVZw26P5lWlR8TVuxDduKKQrTq', NULL, 'amml@gmail.com', NULL, NULL, NULL, NULL, 1460235993, NULL, 1, NULL, NULL, NULL, NULL, '0000-00-00', 'male', '', 2, 88, '', ''),
(23, '127.0.0.1', 'Amal3', '$2y$08$crH5dnCWA2iai3vXqNx7TutMEO0r0Qv/Av9GQhrUtzKrIwIMNHPHa', NULL, 'roro@mm.com', NULL, NULL, NULL, NULL, 1460416698, NULL, 1, NULL, NULL, NULL, NULL, '0000-00-00', 'male', '', 2, 2, '', ''),
(24, '127.0.0.1', 'Amal4', '$2y$08$fDPU9e1f46FH6irt6hkPO.Uxm3ZH0sEM1K3vHa2jpOF4XxryZTBhy', NULL, 'roro@gmail.com', NULL, NULL, NULL, NULL, 1460416723, 1460416739, 1, NULL, NULL, NULL, NULL, '0000-00-00', 'male', '', 2, 30, '', ''),
(25, '127.0.0.1', 'Amalaaa', '$2y$08$HY/oy7oKKShq8SfuLX8w6OnfQhf5Glr3694uv/3RQuMQnOhBZUpDi', NULL, 'amalaa@gmail.com', NULL, NULL, NULL, NULL, 1460542414, 1460714958, 1, NULL, NULL, NULL, NULL, '0000-00-00', 'male', '', 2, 12, '', ''),
(26, '127.0.0.1', 'Amal_Alnouri', '$2y$08$ee4HasR8jxTtaLxhdCuMV.6ElW1.HBHe24j1vnW06qPGe7RWO8kFW', NULL, 'amalnouri@hotmail.com', NULL, NULL, NULL, NULL, 1460671361, NULL, 1, NULL, NULL, NULL, NULL, '0000-00-00', 'male', '', 2, 32, '', ''),
(27, '127.0.0.1', 'Amal_Alnouri1', '$2y$08$XfP.cvs.YvwrVdzxH4RG..GyevvrOsTDs3KKXMNx2DL2bivo0CQ9C', NULL, 'amalnouri95@hotmail.com', NULL, NULL, NULL, NULL, 1460671380, NULL, 1, NULL, NULL, NULL, NULL, '0000-00-00', 'male', '', 2, 45, '', ''),
(28, '127.0.0.1', 'Aaaa', '$2y$08$LcWtPeRXCuDGlVkrLWLsT.ZmncSJ/9WPHE9uZPKaKTQBx9dWzLmMe', NULL, 'aaa@hotmail.com', NULL, NULL, NULL, NULL, 1460671450, NULL, 1, NULL, NULL, NULL, NULL, '0000-00-00', 'male', '', 2, 6, '', ''),
(29, '127.0.0.1', 'Aaaa1', '$2y$08$ruJMiv4zIcNcP3FhxsEyU.GdPmgRTUsby.i59GbMY37CbT78JWxPq', NULL, 'aaaaa@yaho.com', NULL, NULL, NULL, NULL, 1460671608, NULL, 1, NULL, NULL, NULL, NULL, '0000-00-00', 'male', '', 2, 88, '', ''),
(30, '127.0.0.1', 'Ssss', '$2y$08$5E/HTh.GvEuddqhmrf4feuqynQ05yM/xdyAMxVgtwEwJ4qQEdYK.G', NULL, 'ssss@gmail.com', NULL, NULL, NULL, NULL, 1460671662, NULL, 1, NULL, NULL, NULL, NULL, '0000-00-00', 'male', '', 2, 22, '', ''),
(31, '127.0.0.1', 'Memo', '$2y$08$YVaNfYiu4f7uUg8Zl6NnZ.v5GQ5Gxpq8ETgn4gEbxd6fNtIHubhSG', NULL, 'meme@hotmail.com', NULL, NULL, NULL, NULL, 1460671966, 1460712147, 1, NULL, NULL, NULL, NULL, '0000-00-00', 'male', '', 2, 21, '', ''),
(32, '127.0.0.1', 'Amoo', '$2y$08$oe2xydClFiLJcbYW916gaulwqJWqvr6PX6IAUkP6OAqrwkqFeA1QW', NULL, 'amo@hotmail.com', NULL, NULL, NULL, NULL, 1460676101, 1460676101, 1, NULL, NULL, NULL, NULL, '0000-00-00', 'male', '', 2, 90, '', ''),
(33, '127.0.0.1', 'Amal', '$2y$08$ZCFGqU/gtXPirKSug3vxWebia5QslanzIHmX4EmOIzE8cAsBdPToe', NULL, 'Amal_nouri@gmail.com', NULL, NULL, NULL, NULL, 1460825295, 1463937808, 1, 'Amal', 'nouri', NULL, NULL, '0000-00-00', 'female', 'LXiNmCoUhWu8iIXL.jpg', 1, NULL, '', ''),
(34, '192.168.1.2', 'Leen', '$2y$08$K/D/1K6..uFv5BlisNZWpOTmvMBG3dK60hMQdtlvUMdairTmf1A/6', NULL, 'leen.com', NULL, NULL, NULL, NULL, 1462120873, 1462120873, 1, NULL, NULL, NULL, NULL, '0000-00-00', 'female', '', 2, 21, '', ''),
(35, '192.168.1.2', 'Lolo', '$2y$08$D5eskf0ocG/vk.32Qf7Ji.WOKXe0BhvjlATsy6f5j1ftvU6LSv/qm', NULL, 'lolo.com', NULL, NULL, NULL, NULL, 1462121865, 1462121865, 1, NULL, NULL, NULL, NULL, '0000-00-00', 'female', '', 2, 35, '', ''),
(36, '192.168.1.2', 'Vovo', '$2y$08$zbQ/qcR/a.LSUfNdv25iQu2mWCRsB0guiwhsEKkqx.tCHN8jM4eRW', NULL, 'vovo.com', NULL, NULL, NULL, NULL, 1462124980, 1462124980, 1, '', NULL, NULL, NULL, '0000-00-00', 'female', '', 2, 5, '', ''),
(37, '::1', '0', '0', NULL, '', NULL, NULL, NULL, NULL, 1464001725, NULL, 1, '0', '0', '0', '0', '0000-00-00', 'male', 'user.png', 2, 7, '33.5138073,36.27652790000002', 'Damascus, Damascus Governorate, Syria'),
(39, '', 'aoso', '$2a$07$SeBknntpZror9uyftVopmu61qg0ms8Qv1yV6FG.kQOSM.9QhmTo36', NULL, 'b@gail.com', NULL, NULL, NULL, NULL, 0, NULL, NULL, 'aoso', 'bg', NULL, NULL, '0000-00-00', '', '', 2, 8, '', ''),
(41, '::1', 'andro', '$2y$08$NLKEvvatuymxFEnXxnazxuJX4y8XHXwNCTdRamoFdss7HPKtFsEn2', NULL, 'andro@gmail.com', NULL, NULL, NULL, NULL, 2016, 1464268143, 1, 'and', 'roi', '0', '0', '2016-05-25', 'male', 'user.png', 1, 0, '33.5138073,36.27652790000002', 'Damascus, Damascus Governorate, Syria'),
(42, '::1', 'ddsad', '$2y$08$Fbs0zTU/a9/CE2ocFsIJ.eEkHqCt7QNkto/BUjLV36AfaTsin2cJ2', NULL, 'st@gmail.com', NULL, NULL, NULL, NULL, 1464271329, 1464271329, 1, 'dsadsad', 'dasdsadsad', '0', '0', '0000-00-00', '', 'user.png', 2, 0, '33.5138073,36.27652790000002', 'Damascus, Damascus Governorate, Syria'),
(43, '::1', 'usama', '$2y$08$jejYO4omub/roJDUbFX/SOeOBxYd7Te3XLuN9CcAshLGlaGm2s.GG', NULL, 'baghdady.usama@gmail.com', NULL, NULL, NULL, '8IZrMZJtkMQwcYvDPp1Cq.', 1464477786, 1464556320, 1, 'usama', 'albaghdady', '0', '0', '0000-00-00', '', 'user.png', 2, 9, '33.5138073,36.27652790000002', 'Damascus, Damascus Governorate, Syria');

-- --------------------------------------------------------

--
-- Table structure for table `users_groups`
--

CREATE TABLE IF NOT EXISTS `users_groups` (
  `id` int(11) unsigned NOT NULL,
  `user_id` int(11) unsigned NOT NULL,
  `group_id` mediumint(8) unsigned NOT NULL
) ENGINE=InnoDB AUTO_INCREMENT=30 DEFAULT CHARSET=utf8;

--
-- Dumping data for table `users_groups`
--

INSERT INTO `users_groups` (`id`, `user_id`, `group_id`) VALUES
(1, 1, 1),
(2, 1, 2),
(6, 2, 2),
(7, 19, 2),
(9, 21, 2),
(10, 22, 2),
(11, 23, 2),
(12, 24, 2),
(13, 25, 2),
(14, 26, 2),
(15, 27, 2),
(16, 28, 2),
(17, 29, 2),
(18, 30, 2),
(19, 31, 2),
(20, 32, 2),
(21, 33, 2),
(22, 34, 2),
(23, 35, 2),
(24, 36, 2),
(25, 37, 2),
(27, 41, 2),
(28, 42, 2),
(29, 43, 2);

-- --------------------------------------------------------

--
-- Table structure for table `user_permissions`
--

CREATE TABLE IF NOT EXISTS `user_permissions` (
  `id_permissions` int(11) unsigned NOT NULL,
  `description` text CHARACTER SET utf8 COLLATE utf8_unicode_ci NOT NULL
) ENGINE=InnoDB AUTO_INCREMENT=2 DEFAULT CHARSET=latin1;

--
-- Dumping data for table `user_permissions`
--

INSERT INTO `user_permissions` (`id_permissions`, `description`) VALUES
(1, 'what ever');

-- --------------------------------------------------------

--
-- Table structure for table `user_role`
--

CREATE TABLE IF NOT EXISTS `user_role` (
  `id` int(11) unsigned NOT NULL,
  `name` varchar(255) CHARACTER SET utf8 COLLATE utf8_unicode_ci NOT NULL
) ENGINE=InnoDB AUTO_INCREMENT=4 DEFAULT CHARSET=latin1;

--
-- Dumping data for table `user_role`
--

INSERT INTO `user_role` (`id`, `name`) VALUES
(1, 'parent'),
(2, 'doctor'),
(3, 'admin');

-- --------------------------------------------------------

--
-- Table structure for table `user_role_permissions`
--

CREATE TABLE IF NOT EXISTS `user_role_permissions` (
  `id_role_permissions` int(11) NOT NULL,
  `id_role` int(11) unsigned NOT NULL,
  `id_permission` int(11) unsigned NOT NULL
) ENGINE=InnoDB AUTO_INCREMENT=3 DEFAULT CHARSET=latin1;

--
-- Dumping data for table `user_role_permissions`
--

INSERT INTO `user_role_permissions` (`id_role_permissions`, `id_role`, `id_permission`) VALUES
(2, 1, 1);

-- --------------------------------------------------------

--
-- Table structure for table `vaccination`
--

CREATE TABLE IF NOT EXISTS `vaccination` (
  `id` int(11) unsigned NOT NULL,
  `name` varchar(100) NOT NULL,
  `age_from` int(10) unsigned NOT NULL,
  `age_to` int(10) unsigned NOT NULL,
  `description` text NOT NULL
) ENGINE=InnoDB AUTO_INCREMENT=3 DEFAULT CHARSET=utf32;

--
-- Dumping data for table `vaccination`
--

INSERT INTO `vaccination` (`id`, `name`, `age_from`, `age_to`, `description`) VALUES
(1, 'vvvvv', 4, 5, 'hdgdhsjjskkfnncjjnjcjnjds'),
(2, 'xxxxx', 3, 4, 'hdgdhsjjskkfnncjjnjcjnjds');

-- --------------------------------------------------------

--
-- Table structure for table `vaccination_adv`
--

CREATE TABLE IF NOT EXISTS `vaccination_adv` (
  `id` int(11) unsigned NOT NULL,
  `id_vaccination` int(11) unsigned NOT NULL,
  `id_doctor` int(11) unsigned NOT NULL,
  `text` text CHARACTER SET utf32 NOT NULL,
  `age_from` int(10) unsigned NOT NULL,
  `age_to` int(10) unsigned NOT NULL,
  `activation_date` date NOT NULL,
  `close_date` date NOT NULL,
  `status` enum('open','closed','','') NOT NULL DEFAULT 'open',
  `price` float unsigned NOT NULL
) ENGINE=InnoDB AUTO_INCREMENT=4 DEFAULT CHARSET=latin1;

--
-- Dumping data for table `vaccination_adv`
--

INSERT INTO `vaccination_adv` (`id`, `id_vaccination`, `id_doctor`, `text`, `age_from`, `age_to`, `activation_date`, `close_date`, `status`, `price`) VALUES
(1, 1, 2, 'I have a new Vaccination.......', 1, 2, '2016-05-01', '2016-05-18', 'open', 50),
(2, 1, 43, 'new vac.', 1, 4, '2016-05-29', '2016-05-29', 'open', 200),
(3, 2, 43, 'some vac.', 2, 10, '2016-04-29', '2016-05-09', 'open', 100);

--
-- Indexes for dumped tables
--

--
-- Indexes for table `child`
--
ALTER TABLE `child`
  ADD PRIMARY KEY (`id`);

--
-- Indexes for table `child_doctors`
--
ALTER TABLE `child_doctors`
  ADD PRIMARY KEY (`id`),
  ADD KEY `id_doctor` (`id_doctor`),
  ADD KEY `id_child` (`id_child`);

--
-- Indexes for table `child_parents`
--
ALTER TABLE `child_parents`
  ADD PRIMARY KEY (`id`),
  ADD KEY `id_parent` (`id_parent`),
  ADD KEY `id_child` (`id_child`);

--
-- Indexes for table `child_quantities`
--
ALTER TABLE `child_quantities`
  ADD PRIMARY KEY (`id`),
  ADD KEY `id_child` (`id_child`),
  ADD KEY `id_quantities` (`id_quantities`);

--
-- Indexes for table `child_skills`
--
ALTER TABLE `child_skills`
  ADD PRIMARY KEY (`id`),
  ADD KEY `id_skill` (`id_skills`),
  ADD KEY `id_child` (`id_child`);

--
-- Indexes for table `child_vaccination`
--
ALTER TABLE `child_vaccination`
  ADD PRIMARY KEY (`id`),
  ADD KEY `id_child` (`id_child`),
  ADD KEY `id_vaccination` (`id_vaccination`),
  ADD KEY `id_doctor` (`id_doctor`);

--
-- Indexes for table `food_sample`
--
ALTER TABLE `food_sample`
  ADD PRIMARY KEY (`id`),
  ADD KEY `id_food` (`id_food`);

--
-- Indexes for table `food_type`
--
ALTER TABLE `food_type`
  ADD PRIMARY KEY (`id`),
  ADD KEY `id_child` (`id_child`);

--
-- Indexes for table `gcm_registeredid`
--
ALTER TABLE `gcm_registeredid`
  ADD PRIMARY KEY (`id`),
  ADD KEY `id_user` (`id_user`);

--
-- Indexes for table `groups`
--
ALTER TABLE `groups`
  ADD PRIMARY KEY (`id`);

--
-- Indexes for table `growth_chart_data`
--
ALTER TABLE `growth_chart_data`
  ADD PRIMARY KEY (`id`),
  ADD KEY `id_quantity` (`id_quantity`);

--
-- Indexes for table `guide`
--
ALTER TABLE `guide`
  ADD PRIMARY KEY (`id`),
  ADD KEY `id_main_section` (`id_main_section`);

--
-- Indexes for table `login_attempts`
--
ALTER TABLE `login_attempts`
  ADD PRIMARY KEY (`id`);

--
-- Indexes for table `main_section`
--
ALTER TABLE `main_section`
  ADD PRIMARY KEY (`id`);

--
-- Indexes for table `main_section_details`
--
ALTER TABLE `main_section_details`
  ADD PRIMARY KEY (`id`),
  ADD KEY `id_main_section` (`id_main_section`);

--
-- Indexes for table `notification`
--
ALTER TABLE `notification`
  ADD PRIMARY KEY (`id`),
  ADD KEY `creator_user_id` (`creator_user_id`),
  ADD KEY `type_id` (`type_id`);

--
-- Indexes for table `notification_recipieant`
--
ALTER TABLE `notification_recipieant`
  ADD PRIMARY KEY (`id`),
  ADD KEY `notification_id` (`notification_id`),
  ADD KEY `recipient_user_id` (`recipient_user_id`),
  ADD KEY `child_id` (`id_child`);

--
-- Indexes for table `notification_type`
--
ALTER TABLE `notification_type`
  ADD PRIMARY KEY (`id`);

--
-- Indexes for table `patient_review`
--
ALTER TABLE `patient_review`
  ADD PRIMARY KEY (`id`),
  ADD KEY `id_patient` (`id_patient`),
  ADD KEY `id_doctor` (`id_doctor`);

--
-- Indexes for table `quantities`
--
ALTER TABLE `quantities`
  ADD PRIMARY KEY (`id`);

--
-- Indexes for table `register_for_vaccination`
--
ALTER TABLE `register_for_vaccination`
  ADD PRIMARY KEY (`id`),
  ADD KEY `id_child` (`id_child`),
  ADD KEY `id_adv` (`id_adv`);

--
-- Indexes for table `skills`
--
ALTER TABLE `skills`
  ADD PRIMARY KEY (`id`);

--
-- Indexes for table `sleep_chart_data`
--
ALTER TABLE `sleep_chart_data`
  ADD PRIMARY KEY (`id`);

--
-- Indexes for table `sleep_sample`
--
ALTER TABLE `sleep_sample`
  ADD PRIMARY KEY (`id`),
  ADD KEY `id_child` (`id_child`);

--
-- Indexes for table `users`
--
ALTER TABLE `users`
  ADD PRIMARY KEY (`id`),
  ADD KEY `id_role` (`id_role`);

--
-- Indexes for table `users_groups`
--
ALTER TABLE `users_groups`
  ADD PRIMARY KEY (`id`),
  ADD UNIQUE KEY `uc_users_groups` (`user_id`,`group_id`),
  ADD KEY `fk_users_groups_users1_idx` (`user_id`),
  ADD KEY `fk_users_groups_groups1_idx` (`group_id`);

--
-- Indexes for table `user_permissions`
--
ALTER TABLE `user_permissions`
  ADD PRIMARY KEY (`id_permissions`);

--
-- Indexes for table `user_role`
--
ALTER TABLE `user_role`
  ADD PRIMARY KEY (`id`);

--
-- Indexes for table `user_role_permissions`
--
ALTER TABLE `user_role_permissions`
  ADD PRIMARY KEY (`id_role_permissions`),
  ADD KEY `id_role` (`id_role`),
  ADD KEY `id_permission` (`id_permission`);

--
-- Indexes for table `vaccination`
--
ALTER TABLE `vaccination`
  ADD PRIMARY KEY (`id`);

--
-- Indexes for table `vaccination_adv`
--
ALTER TABLE `vaccination_adv`
  ADD PRIMARY KEY (`id`),
  ADD KEY `id_vaccination` (`id_vaccination`),
  ADD KEY `id_doctor` (`id_doctor`);

--
-- AUTO_INCREMENT for dumped tables
--

--
-- AUTO_INCREMENT for table `child`
--
ALTER TABLE `child`
  MODIFY `id` int(11) unsigned NOT NULL AUTO_INCREMENT,AUTO_INCREMENT=27;
--
-- AUTO_INCREMENT for table `child_doctors`
--
ALTER TABLE `child_doctors`
  MODIFY `id` int(11) NOT NULL AUTO_INCREMENT,AUTO_INCREMENT=5;
--
-- AUTO_INCREMENT for table `child_parents`
--
ALTER TABLE `child_parents`
  MODIFY `id` int(11) NOT NULL AUTO_INCREMENT,AUTO_INCREMENT=19;
--
-- AUTO_INCREMENT for table `child_quantities`
--
ALTER TABLE `child_quantities`
  MODIFY `id` int(11) unsigned NOT NULL AUTO_INCREMENT,AUTO_INCREMENT=10;
--
-- AUTO_INCREMENT for table `child_skills`
--
ALTER TABLE `child_skills`
  MODIFY `id` int(11) unsigned NOT NULL AUTO_INCREMENT,AUTO_INCREMENT=23;
--
-- AUTO_INCREMENT for table `child_vaccination`
--
ALTER TABLE `child_vaccination`
  MODIFY `id` int(11) unsigned NOT NULL AUTO_INCREMENT,AUTO_INCREMENT=3;
--
-- AUTO_INCREMENT for table `food_sample`
--
ALTER TABLE `food_sample`
  MODIFY `id` int(11) unsigned NOT NULL AUTO_INCREMENT;
--
-- AUTO_INCREMENT for table `food_type`
--
ALTER TABLE `food_type`
  MODIFY `id` int(11) unsigned NOT NULL AUTO_INCREMENT,AUTO_INCREMENT=6;
--
-- AUTO_INCREMENT for table `gcm_registeredid`
--
ALTER TABLE `gcm_registeredid`
  MODIFY `id` int(11) unsigned NOT NULL AUTO_INCREMENT,AUTO_INCREMENT=19;
--
-- AUTO_INCREMENT for table `groups`
--
ALTER TABLE `groups`
  MODIFY `id` mediumint(8) unsigned NOT NULL AUTO_INCREMENT,AUTO_INCREMENT=4;
--
-- AUTO_INCREMENT for table `growth_chart_data`
--
ALTER TABLE `growth_chart_data`
  MODIFY `id` int(11) unsigned NOT NULL AUTO_INCREMENT,AUTO_INCREMENT=227;
--
-- AUTO_INCREMENT for table `guide`
--
ALTER TABLE `guide`
  MODIFY `id` int(11) unsigned NOT NULL AUTO_INCREMENT;
--
-- AUTO_INCREMENT for table `login_attempts`
--
ALTER TABLE `login_attempts`
  MODIFY `id` int(11) unsigned NOT NULL AUTO_INCREMENT;
--
-- AUTO_INCREMENT for table `main_section`
--
ALTER TABLE `main_section`
  MODIFY `id` int(11) unsigned NOT NULL AUTO_INCREMENT,AUTO_INCREMENT=7;
--
-- AUTO_INCREMENT for table `main_section_details`
--
ALTER TABLE `main_section_details`
  MODIFY `id` int(11) unsigned NOT NULL AUTO_INCREMENT,AUTO_INCREMENT=33;
--
-- AUTO_INCREMENT for table `notification`
--
ALTER TABLE `notification`
  MODIFY `id` int(11) unsigned NOT NULL AUTO_INCREMENT,AUTO_INCREMENT=50;
--
-- AUTO_INCREMENT for table `notification_recipieant`
--
ALTER TABLE `notification_recipieant`
  MODIFY `id` int(11) unsigned NOT NULL AUTO_INCREMENT,AUTO_INCREMENT=6;
--
-- AUTO_INCREMENT for table `notification_type`
--
ALTER TABLE `notification_type`
  MODIFY `id` int(11) unsigned NOT NULL AUTO_INCREMENT,AUTO_INCREMENT=6;
--
-- AUTO_INCREMENT for table `patient_review`
--
ALTER TABLE `patient_review`
  MODIFY `id` int(11) unsigned NOT NULL AUTO_INCREMENT,AUTO_INCREMENT=4;
--
-- AUTO_INCREMENT for table `quantities`
--
ALTER TABLE `quantities`
  MODIFY `id` int(11) unsigned NOT NULL AUTO_INCREMENT,AUTO_INCREMENT=4;
--
-- AUTO_INCREMENT for table `register_for_vaccination`
--
ALTER TABLE `register_for_vaccination`
  MODIFY `id` int(11) unsigned NOT NULL AUTO_INCREMENT,AUTO_INCREMENT=5;
--
-- AUTO_INCREMENT for table `skills`
--
ALTER TABLE `skills`
  MODIFY `id` int(11) unsigned NOT NULL AUTO_INCREMENT,AUTO_INCREMENT=261;
--
-- AUTO_INCREMENT for table `sleep_chart_data`
--
ALTER TABLE `sleep_chart_data`
  MODIFY `id` int(11) unsigned NOT NULL AUTO_INCREMENT,AUTO_INCREMENT=26;
--
-- AUTO_INCREMENT for table `sleep_sample`
--
ALTER TABLE `sleep_sample`
  MODIFY `id` int(11) unsigned NOT NULL AUTO_INCREMENT,AUTO_INCREMENT=5;
--
-- AUTO_INCREMENT for table `users`
--
ALTER TABLE `users`
  MODIFY `id` int(11) unsigned NOT NULL AUTO_INCREMENT,AUTO_INCREMENT=44;
--
-- AUTO_INCREMENT for table `users_groups`
--
ALTER TABLE `users_groups`
  MODIFY `id` int(11) unsigned NOT NULL AUTO_INCREMENT,AUTO_INCREMENT=30;
--
-- AUTO_INCREMENT for table `user_permissions`
--
ALTER TABLE `user_permissions`
  MODIFY `id_permissions` int(11) unsigned NOT NULL AUTO_INCREMENT,AUTO_INCREMENT=2;
--
-- AUTO_INCREMENT for table `user_role`
--
ALTER TABLE `user_role`
  MODIFY `id` int(11) unsigned NOT NULL AUTO_INCREMENT,AUTO_INCREMENT=4;
--
-- AUTO_INCREMENT for table `user_role_permissions`
--
ALTER TABLE `user_role_permissions`
  MODIFY `id_role_permissions` int(11) NOT NULL AUTO_INCREMENT,AUTO_INCREMENT=3;
--
-- AUTO_INCREMENT for table `vaccination`
--
ALTER TABLE `vaccination`
  MODIFY `id` int(11) unsigned NOT NULL AUTO_INCREMENT,AUTO_INCREMENT=3;
--
-- AUTO_INCREMENT for table `vaccination_adv`
--
ALTER TABLE `vaccination_adv`
  MODIFY `id` int(11) unsigned NOT NULL AUTO_INCREMENT,AUTO_INCREMENT=4;
--
-- Constraints for dumped tables
--

--
-- Constraints for table `child_doctors`
--
ALTER TABLE `child_doctors`
  ADD CONSTRAINT `child_doctors_ibfk_1` FOREIGN KEY (`id_doctor`) REFERENCES `users` (`id`) ON DELETE CASCADE ON UPDATE CASCADE,
  ADD CONSTRAINT `child_doctors_ibfk_2` FOREIGN KEY (`id_child`) REFERENCES `child` (`id`) ON DELETE CASCADE ON UPDATE CASCADE;

--
-- Constraints for table `child_parents`
--
ALTER TABLE `child_parents`
  ADD CONSTRAINT `child_parents_ibfk_1` FOREIGN KEY (`id_parent`) REFERENCES `users` (`id`) ON DELETE CASCADE ON UPDATE CASCADE,
  ADD CONSTRAINT `child_parents_ibfk_2` FOREIGN KEY (`id_child`) REFERENCES `child` (`id`) ON DELETE CASCADE ON UPDATE CASCADE;

--
-- Constraints for table `child_quantities`
--
ALTER TABLE `child_quantities`
  ADD CONSTRAINT `child_quantities_ibfk_2` FOREIGN KEY (`id_quantities`) REFERENCES `quantities` (`id`) ON DELETE CASCADE ON UPDATE CASCADE,
  ADD CONSTRAINT `child_quantities_ibfk_3` FOREIGN KEY (`id_child`) REFERENCES `child` (`id`) ON DELETE CASCADE ON UPDATE CASCADE;

--
-- Constraints for table `child_skills`
--
ALTER TABLE `child_skills`
  ADD CONSTRAINT `child_skills_ibfk_1` FOREIGN KEY (`id_skills`) REFERENCES `skills` (`id`) ON DELETE CASCADE ON UPDATE CASCADE,
  ADD CONSTRAINT `child_skills_ibfk_2` FOREIGN KEY (`id_child`) REFERENCES `child` (`id`) ON DELETE CASCADE ON UPDATE CASCADE;

--
-- Constraints for table `child_vaccination`
--
ALTER TABLE `child_vaccination`
  ADD CONSTRAINT `child_vaccination_ibfk_1` FOREIGN KEY (`id_child`) REFERENCES `child` (`id`) ON DELETE CASCADE ON UPDATE CASCADE,
  ADD CONSTRAINT `child_vaccination_ibfk_2` FOREIGN KEY (`id_doctor`) REFERENCES `users` (`id`) ON DELETE CASCADE ON UPDATE CASCADE,
  ADD CONSTRAINT `child_vaccination_ibfk_3` FOREIGN KEY (`id_vaccination`) REFERENCES `vaccination` (`id`) ON DELETE CASCADE ON UPDATE CASCADE;

--
-- Constraints for table `food_sample`
--
ALTER TABLE `food_sample`
  ADD CONSTRAINT `food_sample_ibfk_1` FOREIGN KEY (`id_food`) REFERENCES `food_type` (`id`) ON DELETE CASCADE ON UPDATE CASCADE;

--
-- Constraints for table `food_type`
--
ALTER TABLE `food_type`
  ADD CONSTRAINT `food_type_ibfk_1` FOREIGN KEY (`id_child`) REFERENCES `child` (`id`) ON DELETE CASCADE ON UPDATE CASCADE;

--
-- Constraints for table `gcm_registeredid`
--
ALTER TABLE `gcm_registeredid`
  ADD CONSTRAINT `gcm_registeredid_ibfk_1` FOREIGN KEY (`id_user`) REFERENCES `users` (`id`) ON DELETE CASCADE ON UPDATE CASCADE;

--
-- Constraints for table `growth_chart_data`
--
ALTER TABLE `growth_chart_data`
  ADD CONSTRAINT `growth_chart_data_ibfk_1` FOREIGN KEY (`id_quantity`) REFERENCES `quantities` (`id`) ON DELETE NO ACTION ON UPDATE NO ACTION;

--
-- Constraints for table `guide`
--
ALTER TABLE `guide`
  ADD CONSTRAINT `guide_ibfk_1` FOREIGN KEY (`id_main_section`) REFERENCES `main_section` (`id`) ON DELETE CASCADE ON UPDATE CASCADE;

--
-- Constraints for table `main_section_details`
--
ALTER TABLE `main_section_details`
  ADD CONSTRAINT `main_section_details_ibfk_1` FOREIGN KEY (`id_main_section`) REFERENCES `main_section` (`id`) ON DELETE CASCADE ON UPDATE CASCADE;

--
-- Constraints for table `notification`
--
ALTER TABLE `notification`
  ADD CONSTRAINT `notification_ibfk_1` FOREIGN KEY (`creator_user_id`) REFERENCES `users` (`id`) ON DELETE CASCADE ON UPDATE CASCADE,
  ADD CONSTRAINT `notification_ibfk_2` FOREIGN KEY (`type_id`) REFERENCES `notification_type` (`id`) ON DELETE CASCADE ON UPDATE CASCADE;

--
-- Constraints for table `notification_recipieant`
--
ALTER TABLE `notification_recipieant`
  ADD CONSTRAINT `notification_recipieant_ibfk_1` FOREIGN KEY (`notification_id`) REFERENCES `notification` (`id`) ON DELETE CASCADE ON UPDATE CASCADE,
  ADD CONSTRAINT `notification_recipieant_ibfk_2` FOREIGN KEY (`id_child`) REFERENCES `child` (`id`) ON DELETE CASCADE ON UPDATE CASCADE,
  ADD CONSTRAINT `notification_recipieant_ibfk_3` FOREIGN KEY (`recipient_user_id`) REFERENCES `users` (`id`) ON DELETE CASCADE ON UPDATE CASCADE;

--
-- Constraints for table `patient_review`
--
ALTER TABLE `patient_review`
  ADD CONSTRAINT `patient_review_ibfk_1` FOREIGN KEY (`id_patient`) REFERENCES `users` (`id`) ON DELETE CASCADE ON UPDATE CASCADE,
  ADD CONSTRAINT `patient_review_ibfk_2` FOREIGN KEY (`id_doctor`) REFERENCES `users` (`id`) ON DELETE CASCADE ON UPDATE CASCADE;

--
-- Constraints for table `sleep_sample`
--
ALTER TABLE `sleep_sample`
  ADD CONSTRAINT `sleep_sample_ibfk_1` FOREIGN KEY (`id_child`) REFERENCES `child` (`id`) ON DELETE CASCADE ON UPDATE CASCADE;

--
-- Constraints for table `users`
--
ALTER TABLE `users`
  ADD CONSTRAINT `users_ibfk_1` FOREIGN KEY (`id_role`) REFERENCES `user_role` (`id`) ON DELETE CASCADE ON UPDATE CASCADE;

--
-- Constraints for table `users_groups`
--
ALTER TABLE `users_groups`
  ADD CONSTRAINT `fk_users_groups_groups1` FOREIGN KEY (`group_id`) REFERENCES `groups` (`id`) ON DELETE CASCADE ON UPDATE NO ACTION,
  ADD CONSTRAINT `fk_users_groups_users1` FOREIGN KEY (`user_id`) REFERENCES `users` (`id`) ON DELETE CASCADE ON UPDATE NO ACTION;

--
-- Constraints for table `user_role_permissions`
--
ALTER TABLE `user_role_permissions`
  ADD CONSTRAINT `user_role_permissions_ibfk_1` FOREIGN KEY (`id_role`) REFERENCES `user_role` (`id`) ON DELETE CASCADE ON UPDATE CASCADE,
  ADD CONSTRAINT `user_role_permissions_ibfk_2` FOREIGN KEY (`id_permission`) REFERENCES `user_permissions` (`id_permissions`) ON DELETE CASCADE ON UPDATE CASCADE;

--
-- Constraints for table `vaccination_adv`
--
ALTER TABLE `vaccination_adv`
  ADD CONSTRAINT `vaccination_adv_ibfk_1` FOREIGN KEY (`id_vaccination`) REFERENCES `vaccination` (`id`) ON DELETE CASCADE ON UPDATE CASCADE,
  ADD CONSTRAINT `vaccination_adv_ibfk_2` FOREIGN KEY (`id_doctor`) REFERENCES `users` (`id`) ON DELETE CASCADE ON UPDATE CASCADE;

/*!40101 SET CHARACTER_SET_CLIENT=@OLD_CHARACTER_SET_CLIENT */;
/*!40101 SET CHARACTER_SET_RESULTS=@OLD_CHARACTER_SET_RESULTS */;
/*!40101 SET COLLATION_CONNECTION=@OLD_COLLATION_CONNECTION */;
